Transaction_ID,Date,Description,Category,Subcategory,Type,Amount,Payment_Method,Account,Merchant,Location
TXN000001,2025-01-01,Monthly Salary,Salary,Monthly Salary,Income,57483.57,Net Banking,Main Bank,Employer,India
TXN000002,2025-01-01,Food Delivery,Food,Food Delivery,Expense,498.99,UPI,Main Bank,Local Merchant,India
TXN000003,2025-01-01,Fuel,Travel,Fuel,Expense,286.96,UPI,Savings Account,Local Merchant,India
TXN000004,2025-01-01,Spotify,Subscriptions,Spotify,Expense,291.11,UPI,Main Bank,Local Merchant,India
TXN000005,2025-01-02,Monthly Rent,Rent,Monthly Rent,Expense,16198.05,Net Banking,Main Bank,Landlord,India
TXN000006,2025-01-02,Groceries,Food,Groceries,Expense,268.42,Debit Card,Main Bank,Local Merchant,India
TXN000007,2025-01-02,Food Delivery,Food,Food Delivery,Expense,780.32,UPI,Main Bank,Local Merchant,India
TXN000008,2025-01-03,Canteen,Food,Canteen,Expense,694.96,Credit Card,Main Bank,Local Merchant,India
TXN000009,2025-01-03,Bus,Travel,Bus,Expense,773.54,Net Banking,Main Bank,Local Merchant,India
TXN000010,2025-01-04,Food Delivery,Food,Food Delivery,Expense,141.53,Cash,Main Bank,Local Merchant,India
TXN000011,2025-01-05,Internet,Utilities,Internet,Expense,1562.89,UPI,Main Bank,Service Provider,India
TXN000012,2025-01-05,Restaurant,Food,Restaurant,Expense,73.48,Net Banking,Main Bank,Local Merchant,India
TXN000013,2025-01-05,Restaurant,Food,Restaurant,Expense,721.12,Debit Card,Credit Card,Local Merchant,India
TXN000014,2025-01-05,Taxi,Travel,Taxi,Expense,431.04,Net Banking,Cash,Local Merchant,India
TXN000015,2025-01-06,Restaurant,Food,Restaurant,Expense,773.94,Debit Card,Main Bank,Local Merchant,India
TXN000016,2025-01-06,Groceries,Food,Groceries,Expense,651.65,UPI,Credit Card,Local Merchant,India
TXN000017,2025-01-06,Business Income,Business,Business Income,Income,15602.86,Net Banking,Savings Account,Business,India
TXN000018,2025-01-07,Restaurant,Food,Restaurant,Expense,318.85,UPI,Cash,Local Merchant,India
TXN000019,2025-01-08,Restaurant,Food,Restaurant,Expense,293.89,Net Banking,Main Bank,Local Merchant,India
TXN000020,2025-01-09,Canteen,Food,Canteen,Expense,620.59,Debit Card,Savings Account,Local Merchant,India
TXN000021,2025-01-09,Canteen,Food,Canteen,Expense,80.33,Net Banking,Main Bank,Local Merchant,India
TXN000022,2025-01-09,Taxi,Travel,Taxi,Expense,54.2,Debit Card,Main Bank,Local Merchant,India
TXN000023,2025-01-10,Canteen,Food,Canteen,Expense,357.79,Net Banking,Main Bank,Local Merchant,India
TXN000024,2025-01-10,Taxi,Travel,Taxi,Expense,564.98,Net Banking,Main Bank,Local Merchant,India
TXN000025,2025-01-11,Food Delivery,Food,Food Delivery,Expense,213.83,UPI,Cash,Local Merchant,India
TXN000026,2025-01-11,Food Delivery,Food,Food Delivery,Expense,655.58,Net Banking,Main Bank,Local Merchant,India
TXN000027,2025-01-11,Bus,Travel,Bus,Expense,528.72,UPI,Main Bank,Local Merchant,India
TXN000028,2025-01-12,Groceries,Food,Groceries,Expense,413.62,Credit Card,Main Bank,Local Merchant,India
TXN000029,2025-01-12,Taxi,Travel,Taxi,Expense,278.87,Cash,Savings Account,Local Merchant,India
TXN000030,2025-01-13,Food Delivery,Food,Food Delivery,Expense,238.84,Cash,Main Bank,Local Merchant,India
TXN000031,2025-01-13,Groceries,Food,Groceries,Expense,798.31,UPI,Credit Card,Local Merchant,India
TXN000032,2025-01-13,Taxi,Travel,Taxi,Expense,244.56,Net Banking,Main Bank,Local Merchant,India
TXN000033,2025-01-14,Restaurant,Food,Restaurant,Expense,231.54,Credit Card,Savings Account,Local Merchant,India
TXN000034,2025-01-14,Canteen,Food,Canteen,Expense,231.62,Net Banking,Main Bank,Local Merchant,India
TXN000035,2025-01-15,Groceries,Food,Groceries,Expense,163.04,Cash,Savings Account,Local Merchant,India
TXN000036,2025-01-15,Canteen,Food,Canteen,Expense,493.17,Credit Card,Main Bank,Local Merchant,India
TXN000037,2025-01-15,Taxi,Travel,Taxi,Expense,298.47,UPI,Credit Card,Local Merchant,India
TXN000038,2025-01-16,Groceries,Food,Groceries,Expense,556.77,Net Banking,Main Bank,Local Merchant,India
TXN000039,2025-01-16,Canteen,Food,Canteen,Expense,708.0,UPI,Savings Account,Local Merchant,India
TXN000040,2025-01-17,Groceries,Food,Groceries,Expense,119.83,Net Banking,Credit Card,Local Merchant,India
TXN000041,2025-01-17,Canteen,Food,Canteen,Expense,191.53,UPI,Savings Account,Local Merchant,India
TXN000042,2025-01-18,Food Delivery,Food,Food Delivery,Expense,688.2,Net Banking,Savings Account,Local Merchant,India
TXN000043,2025-01-19,Canteen,Food,Canteen,Expense,780.25,UPI,Main Bank,Local Merchant,India
TXN000044,2025-01-19,Taxi,Travel,Taxi,Expense,532.01,UPI,Savings Account,Local Merchant,India
TXN000045,2025-01-20,Food Delivery,Food,Food Delivery,Expense,537.22,Net Banking,Savings Account,Local Merchant,India
TXN000046,2025-01-20,Groceries,Food,Groceries,Expense,456.91,Cash,Main Bank,Local Merchant,India
TXN000047,2025-01-20,Train,Travel,Train,Expense,779.22,UPI,Cash,Local Merchant,India
TXN000048,2025-01-21,Groceries,Food,Groceries,Expense,482.68,Cash,Main Bank,Local Merchant,India
TXN000049,2025-01-21,Groceries,Food,Groceries,Expense,424.4,Debit Card,Savings Account,Local Merchant,India
TXN000050,2025-01-21,Fuel,Travel,Fuel,Expense,754.15,Net Banking,Credit Card,Local Merchant,India
TXN000051,2025-01-21,Other Income,Other Income,Other,Income,1998.64,Net Banking,Savings Account,Other Source,India
TXN000052,2025-01-22,Food Delivery,Food,Food Delivery,Expense,270.84,UPI,Cash,Local Merchant,India
TXN000053,2025-01-22,Fuel,Travel,Fuel,Expense,316.97,UPI,Cash,Local Merchant,India
TXN000054,2025-01-23,Food Delivery,Food,Food Delivery,Expense,553.36,UPI,Main Bank,Local Merchant,India
TXN000055,2025-01-23,Restaurant,Food,Restaurant,Expense,708.03,Net Banking,Savings Account,Local Merchant,India
TXN000056,2025-01-24,Restaurant,Food,Restaurant,Expense,657.59,Net Banking,Credit Card,Local Merchant,India
TXN000057,2025-01-24,Bus,Travel,Bus,Expense,513.48,UPI,Main Bank,Local Merchant,India
TXN000058,2025-01-25,Canteen,Food,Canteen,Expense,70.71,Debit Card,Main Bank,Local Merchant,India
TXN000059,2025-01-26,Groceries,Food,Groceries,Expense,679.2,Net Banking,Main Bank,Local Merchant,India
TXN000060,2025-01-26,Restaurant,Food,Restaurant,Expense,666.95,UPI,Main Bank,Local Merchant,India
TXN000061,2025-01-26,Bus,Travel,Bus,Expense,239.09,Net Banking,Main Bank,Local Merchant,India
TXN000062,2025-01-27,Canteen,Food,Canteen,Expense,574.63,UPI,Main Bank,Local Merchant,India
TXN000063,2025-01-27,Restaurant,Food,Restaurant,Expense,437.23,UPI,Savings Account,Local Merchant,India
TXN000064,2025-01-27,Fuel,Travel,Fuel,Expense,602.91,UPI,Main Bank,Local Merchant,India
TXN000065,2025-01-28,Groceries,Food,Groceries,Expense,93.65,Net Banking,Main Bank,Local Merchant,India
TXN000066,2025-01-28,Food Delivery,Food,Food Delivery,Expense,461.92,Net Banking,Savings Account,Local Merchant,India
TXN000067,2025-01-28,Fuel,Travel,Fuel,Expense,427.86,Credit Card,Main Bank,Local Merchant,India
TXN000068,2025-01-29,Food Delivery,Food,Food Delivery,Expense,168.98,UPI,Main Bank,Local Merchant,India
TXN000069,2025-01-29,Food Delivery,Food,Food Delivery,Expense,84.5,UPI,Cash,Local Merchant,India
TXN000070,2025-01-30,Groceries,Food,Groceries,Expense,405.1,UPI,Main Bank,Local Merchant,India
TXN000071,2025-01-30,Canteen,Food,Canteen,Expense,86.04,Net Banking,Cash,Local Merchant,India
TXN000072,2025-01-30,Train,Travel,Train,Expense,511.91,Cash,Cash,Local Merchant,India
TXN000073,2025-01-31,Food Delivery,Food,Food Delivery,Expense,531.81,UPI,Main Bank,Local Merchant,India
TXN000074,2025-01-31,Canteen,Food,Canteen,Expense,650.71,Credit Card,Main Bank,Local Merchant,India
TXN000075,2025-01-31,Bus,Travel,Bus,Expense,450.12,Net Banking,Main Bank,Local Merchant,India
TXN000076,2025-02-01,Monthly Salary,Salary,Monthly Salary,Income,54308.68,Net Banking,Main Bank,Employer,India
TXN000077,2025-02-01,Groceries,Food,Groceries,Expense,102.02,UPI,Main Bank,Local Merchant,India
TXN000078,2025-02-01,Canteen,Food,Canteen,Expense,513.69,UPI,Savings Account,Local Merchant,India
TXN000079,2025-02-01,Train,Travel,Train,Expense,47.92,Net Banking,Main Bank,Local Merchant,India
TXN000080,2025-02-02,Monthly Rent,Rent,Monthly Rent,Expense,17031.54,Net Banking,Main Bank,Landlord,India
TXN000081,2025-02-02,Food Delivery,Food,Food Delivery,Expense,601.3,Net Banking,Main Bank,Local Merchant,India
TXN000082,2025-02-02,Bus,Travel,Bus,Expense,467.76,Debit Card,Savings Account,Local Merchant,India
TXN000083,2025-02-03,Food Delivery,Food,Food Delivery,Expense,700.34,Debit Card,Main Bank,Local Merchant,India
TXN000084,2025-02-03,Canteen,Food,Canteen,Expense,613.15,Net Banking,Main Bank,Local Merchant,India
TXN000085,2025-02-04,Groceries,Food,Groceries,Expense,721.64,UPI,Main Bank,Local Merchant,India
TXN000086,2025-02-04,Groceries,Food,Groceries,Expense,685.36,UPI,Credit Card,Local Merchant,India
TXN000087,2025-02-05,Gas,Utilities,Gas,Expense,1621.11,UPI,Main Bank,Service Provider,India
TXN000088,2025-02-05,Food Delivery,Food,Food Delivery,Expense,554.39,Net Banking,Savings Account,Local Merchant,India
TXN000089,2025-02-06,Restaurant,Food,Restaurant,Expense,462.15,UPI,Cash,Local Merchant,India
TXN000090,2025-02-06,Train,Travel,Train,Expense,775.86,Credit Card,Cash,Local Merchant,India
TXN000091,2025-02-07,Groceries,Food,Groceries,Expense,216.93,UPI,Cash,Local Merchant,India
TXN000092,2025-02-07,Restaurant,Food,Restaurant,Expense,111.01,UPI,Credit Card,Local Merchant,India
TXN000093,2025-02-07,Bus,Travel,Bus,Expense,707.88,UPI,Credit Card,Local Merchant,India
TXN000094,2025-02-08,Canteen,Food,Canteen,Expense,411.25,UPI,Savings Account,Local Merchant,India
TXN000095,2025-02-08,Restaurant,Food,Restaurant,Expense,729.77,UPI,Main Bank,Local Merchant,India
TXN000096,2025-02-08,Fuel,Travel,Fuel,Expense,470.03,Net Banking,Savings Account,Local Merchant,India
TXN000097,2025-02-09,Groceries,Food,Groceries,Expense,228.13,UPI,Main Bank,Local Merchant,India
TXN000098,2025-02-09,Bus,Travel,Bus,Expense,202.17,Net Banking,Main Bank,Local Merchant,India
TXN000099,2025-02-10,Food Delivery,Food,Food Delivery,Expense,445.78,Net Banking,Main Bank,Local Merchant,India
TXN000100,2025-02-10,Fuel,Travel,Fuel,Expense,88.08,UPI,Main Bank,Local Merchant,India
TXN000101,2025-02-11,Restaurant,Food,Restaurant,Expense,338.15,Net Banking,Credit Card,Local Merchant,India
TXN000102,2025-02-11,Restaurant,Food,Restaurant,Expense,762.81,Net Banking,Main Bank,Local Merchant,India
TXN000103,2025-02-12,Food Delivery,Food,Food Delivery,Expense,315.01,Debit Card,Main Bank,Local Merchant,India
TXN000104,2025-02-12,Groceries,Food,Groceries,Expense,244.96,Cash,Main Bank,Local Merchant,India
TXN000105,2025-02-12,Bus,Travel,Bus,Expense,656.62,Credit Card,Main Bank,Local Merchant,India
TXN000106,2025-02-13,Canteen,Food,Canteen,Expense,594.29,Debit Card,Main Bank,Local Merchant,India
TXN000107,2025-02-13,Food Delivery,Food,Food Delivery,Expense,707.5,Debit Card,Main Bank,Local Merchant,India
TXN000108,2025-02-13,Train,Travel,Train,Expense,654.13,Net Banking,Main Bank,Local Merchant,India
TXN000109,2025-02-14,Canteen,Food,Canteen,Expense,681.59,Net Banking,Main Bank,Local Merchant,India
TXN000110,2025-02-14,Canteen,Food,Canteen,Expense,150.39,UPI,Main Bank,Local Merchant,India
TXN000111,2025-02-15,Groceries,Food,Groceries,Expense,488.86,Net Banking,Savings Account,Local Merchant,India
TXN000112,2025-02-15,Bus,Travel,Bus,Expense,376.92,UPI,Credit Card,Local Merchant,India
TXN000113,2025-02-16,Food Delivery,Food,Food Delivery,Expense,513.6,UPI,Main Bank,Local Merchant,India
TXN000114,2025-02-17,Restaurant,Food,Restaurant,Expense,689.14,Debit Card,Main Bank,Local Merchant,India
TXN000115,2025-02-18,Canteen,Food,Canteen,Expense,616.35,Debit Card,Savings Account,Local Merchant,India
TXN000116,2025-02-18,Train,Travel,Train,Expense,505.29,Net Banking,Main Bank,Local Merchant,India
TXN000117,2025-02-19,Canteen,Food,Canteen,Expense,594.8,Cash,Main Bank,Local Merchant,India
TXN000118,2025-02-20,Groceries,Food,Groceries,Expense,647.35,Cash,Cash,Local Merchant,India
TXN000119,2025-02-20,Electronics,Shopping,Electronics,Expense,2615.31,UPI,Main Bank,Local Merchant,India
TXN000120,2025-02-21,Canteen,Food,Canteen,Expense,146.66,UPI,Main Bank,Local Merchant,India
TXN000121,2025-02-21,Fuel,Travel,Fuel,Expense,168.65,Credit Card,Main Bank,Local Merchant,India
TXN000122,2025-02-22,Restaurant,Food,Restaurant,Expense,501.45,UPI,Cash,Local Merchant,India
TXN000123,2025-02-22,Restaurant,Food,Restaurant,Expense,258.94,UPI,Main Bank,Local Merchant,India
TXN000124,2025-02-22,Bus,Travel,Bus,Expense,304.11,Net Banking,Main Bank,Local Merchant,India
TXN000125,2025-02-23,Groceries,Food,Groceries,Expense,410.86,Credit Card,Main Bank,Local Merchant,India
TXN000126,2025-02-23,Canteen,Food,Canteen,Expense,740.65,UPI,Main Bank,Local Merchant,India
TXN000127,2025-02-24,Canteen,Food,Canteen,Expense,327.85,Cash,Main Bank,Local Merchant,India
TXN000128,2025-02-24,Fuel,Travel,Fuel,Expense,584.8,UPI,Main Bank,Local Merchant,India
TXN000129,2025-02-25,Restaurant,Food,Restaurant,Expense,612.21,UPI,Cash,Local Merchant,India
TXN000130,2025-02-25,Taxi,Travel,Taxi,Expense,216.7,UPI,Main Bank,Local Merchant,India
TXN000131,2025-02-25,Exam Fees,Education,Exam Fees,Expense,901.42,Cash,Main Bank,Local Merchant,India
TXN000132,2025-02-26,Food Delivery,Food,Food Delivery,Expense,316.33,Debit Card,Main Bank,Local Merchant,India
TXN000133,2025-02-26,Train,Travel,Train,Expense,481.87,Net Banking,Main Bank,Local Merchant,India
TXN000134,2025-02-27,Food Delivery,Food,Food Delivery,Expense,534.44,Debit Card,Main Bank,Local Merchant,India
TXN000135,2025-02-27,Groceries,Food,Groceries,Expense,297.76,Net Banking,Main Bank,Local Merchant,India
TXN000136,2025-02-27,Train,Travel,Train,Expense,219.39,UPI,Main Bank,Local Merchant,India
TXN000137,2025-02-28,Groceries,Food,Groceries,Expense,110.18,Cash,Main Bank,Local Merchant,India
TXN000138,2025-03-01,Monthly Salary,Salary,Monthly Salary,Income,52116.14,Net Banking,Main Bank,Employer,India
TXN000139,2025-03-01,Restaurant,Food,Restaurant,Expense,551.48,Net Banking,Main Bank,Local Merchant,India
TXN000140,2025-03-01,Food Delivery,Food,Food Delivery,Expense,407.46,Net Banking,Main Bank,Local Merchant,India
TXN000141,2025-03-02,Monthly Rent,Rent,Monthly Rent,Expense,17889.98,Net Banking,Main Bank,Landlord,India
TXN000142,2025-03-02,Canteen,Food,Canteen,Expense,580.42,Net Banking,Main Bank,Local Merchant,India
TXN000143,2025-03-02,Restaurant,Food,Restaurant,Expense,165.77,Cash,Main Bank,Local Merchant,India
TXN000144,2025-03-02,Train,Travel,Train,Expense,379.79,Cash,Main Bank,Local Merchant,India
TXN000145,2025-03-03,Groceries,Food,Groceries,Expense,154.12,UPI,Main Bank,Local Merchant,India
TXN000146,2025-03-03,Canteen,Food,Canteen,Expense,403.68,UPI,Main Bank,Local Merchant,India
TXN000147,2025-03-04,Groceries,Food,Groceries,Expense,598.15,Net Banking,Main Bank,Local Merchant,India
TXN000148,2025-03-04,Canteen,Food,Canteen,Expense,744.84,Net Banking,Main Bank,Local Merchant,India
TXN000149,2025-03-05,Gas,Utilities,Gas,Expense,909.14,UPI,Main Bank,Service Provider,India
TXN000150,2025-03-05,Canteen,Food,Canteen,Expense,548.9,Cash,Main Bank,Local Merchant,India
TXN000151,2025-03-06,Food Delivery,Food,Food Delivery,Expense,332.71,Cash,Main Bank,Local Merchant,India
TXN000152,2025-03-07,Canteen,Food,Canteen,Expense,337.92,Cash,Credit Card,Local Merchant,India
TXN000153,2025-03-08,Canteen,Food,Canteen,Expense,301.18,UPI,Savings Account,Local Merchant,India
TXN000154,2025-03-09,Groceries,Food,Groceries,Expense,163.76,UPI,Main Bank,Local Merchant,India
TXN000155,2025-03-09,Canteen,Food,Canteen,Expense,157.35,UPI,Savings Account,Local Merchant,India
TXN000156,2025-03-09,Train,Travel,Train,Expense,293.4,Net Banking,Main Bank,Local Merchant,India
TXN000157,2025-03-10,Canteen,Food,Canteen,Expense,647.97,UPI,Main Bank,Local Merchant,India
TXN000158,2025-03-10,Food Delivery,Food,Food Delivery,Expense,628.91,UPI,Main Bank,Local Merchant,India
TXN000159,2025-03-10,Train,Travel,Train,Expense,223.89,UPI,Main Bank,Local Merchant,India
TXN000160,2025-03-11,Canteen,Food,Canteen,Expense,396.5,Net Banking,Main Bank,Local Merchant,India
TXN000161,2025-03-11,Groceries,Food,Groceries,Expense,154.34,UPI,Main Bank,Local Merchant,India
TXN000162,2025-03-12,Food Delivery,Food,Food Delivery,Expense,642.56,UPI,Savings Account,Local Merchant,India
TXN000163,2025-03-12,Groceries,Food,Groceries,Expense,482.22,Debit Card,Main Bank,Local Merchant,India
TXN000164,2025-03-13,Groceries,Food,Groceries,Expense,134.93,Net Banking,Cash,Local Merchant,India
TXN000165,2025-03-13,Bus,Travel,Bus,Expense,285.75,UPI,Main Bank,Local Merchant,India
TXN000166,2025-03-14,Groceries,Food,Groceries,Expense,204.18,Net Banking,Main Bank,Local Merchant,India
TXN000167,2025-03-14,Fuel,Travel,Fuel,Expense,443.79,Net Banking,Main Bank,Local Merchant,India
TXN000168,2025-03-15,Food Delivery,Food,Food Delivery,Expense,218.45,Cash,Main Bank,Local Merchant,India
TXN000169,2025-03-15,Taxi,Travel,Taxi,Expense,157.45,UPI,Main Bank,Local Merchant,India
TXN000170,2025-03-16,Food Delivery,Food,Food Delivery,Expense,209.51,Cash,Credit Card,Local Merchant,India
TXN000171,2025-03-16,Groceries,Food,Groceries,Expense,161.5,UPI,Main Bank,Local Merchant,India
TXN000172,2025-03-17,Restaurant,Food,Restaurant,Expense,612.47,UPI,Cash,Local Merchant,India
TXN000173,2025-03-17,Bus,Travel,Bus,Expense,511.23,UPI,Cash,Local Merchant,India
TXN000174,2025-03-18,Canteen,Food,Canteen,Expense,445.74,Cash,Main Bank,Local Merchant,India
TXN000175,2025-03-18,Taxi,Travel,Taxi,Expense,149.53,UPI,Cash,Local Merchant,India
TXN000176,2025-03-19,Canteen,Food,Canteen,Expense,533.0,UPI,Main Bank,Local Merchant,India
TXN000177,2025-03-19,Food Delivery,Food,Food Delivery,Expense,679.84,Net Banking,Main Bank,Local Merchant,India
TXN000178,2025-03-19,Taxi,Travel,Taxi,Expense,207.93,Credit Card,Main Bank,Local Merchant,India
TXN000179,2025-03-20,Canteen,Food,Canteen,Expense,539.56,UPI,Main Bank,Local Merchant,India
TXN000180,2025-03-20,Train,Travel,Train,Expense,494.46,Net Banking,Credit Card,Local Merchant,India
TXN000181,2025-03-21,Canteen,Food,Canteen,Expense,292.99,UPI,Main Bank,Local Merchant,India
TXN000182,2025-03-21,Groceries,Food,Groceries,Expense,205.91,UPI,Main Bank,Local Merchant,India
TXN000183,2025-03-21,Fuel,Travel,Fuel,Expense,572.04,Net Banking,Main Bank,Local Merchant,India
TXN000184,2025-03-22,Canteen,Food,Canteen,Expense,75.67,Net Banking,Main Bank,Local Merchant,India
TXN000185,2025-03-23,Food Delivery,Food,Food Delivery,Expense,780.91,Net Banking,Main Bank,Local Merchant,India
TXN000186,2025-03-23,Taxi,Travel,Taxi,Expense,718.81,Net Banking,Main Bank,Local Merchant,India
TXN000187,2025-03-23,Course,Education,Course,Expense,3350.65,UPI,Main Bank,Local Merchant,India
TXN000188,2025-03-24,Restaurant,Food,Restaurant,Expense,444.27,UPI,Main Bank,Local Merchant,India
TXN000189,2025-03-24,Canteen,Food,Canteen,Expense,666.94,Cash,Cash,Local Merchant,India
TXN000190,2025-03-24,Train,Travel,Train,Expense,456.72,Credit Card,Cash,Local Merchant,India
TXN000191,2025-03-24,Web Project,Freelance,Web Project,Income,6197.98,Net Banking,Main Bank,Freelance Client,India
TXN000192,2025-03-25,Groceries,Food,Groceries,Expense,420.71,Debit Card,Cash,Local Merchant,India
TXN000193,2025-03-25,Train,Travel,Train,Expense,429.57,UPI,Main Bank,Local Merchant,India
TXN000194,2025-03-26,Canteen,Food,Canteen,Expense,234.01,UPI,Main Bank,Local Merchant,India
TXN000195,2025-03-26,Food Delivery,Food,Food Delivery,Expense,736.64,Net Banking,Main Bank,Local Merchant,India
TXN000196,2025-03-27,Groceries,Food,Groceries,Expense,412.82,UPI,Main Bank,Local Merchant,India
TXN000197,2025-03-27,Canteen,Food,Canteen,Expense,496.31,UPI,Main Bank,Local Merchant,India
TXN000198,2025-03-27,Train,Travel,Train,Expense,509.97,Cash,Main Bank,Local Merchant,India
TXN000199,2025-03-28,Canteen,Food,Canteen,Expense,498.71,Cash,Main Bank,Local Merchant,India
TXN000200,2025-03-28,Fuel,Travel,Fuel,Expense,564.92,UPI,Main Bank,Local Merchant,India
TXN000201,2025-03-29,Groceries,Food,Groceries,Expense,152.61,Net Banking,Main Bank,Local Merchant,India
TXN000202,2025-03-29,Train,Travel,Train,Expense,767.79,Net Banking,Main Bank,Local Merchant,India
TXN000203,2025-03-30,Restaurant,Food,Restaurant,Expense,785.43,Net Banking,Main Bank,Local Merchant,India
TXN000204,2025-03-30,Canteen,Food,Canteen,Expense,790.75,Net Banking,Main Bank,Local Merchant,India
TXN000205,2025-03-31,Restaurant,Food,Restaurant,Expense,736.62,UPI,Savings Account,Local Merchant,India
TXN000206,2025-03-31,Fuel,Travel,Fuel,Expense,118.77,UPI,Savings Account,Local Merchant,India
TXN000207,2025-04-01,Monthly Salary,Salary,Monthly Salary,Income,58776.96,Net Banking,Main Bank,Employer,India
TXN000208,2025-04-01,Restaurant,Food,Restaurant,Expense,441.83,Debit Card,Savings Account,Local Merchant,India
TXN000209,2025-04-01,Fuel,Travel,Fuel,Expense,122.84,UPI,Savings Account,Local Merchant,India
TXN000210,2025-04-02,Monthly Rent,Rent,Monthly Rent,Expense,12522.85,Net Banking,Main Bank,Landlord,India
TXN000211,2025-04-02,Food Delivery,Food,Food Delivery,Expense,454.62,Net Banking,Main Bank,Local Merchant,India
TXN000212,2025-04-03,Restaurant,Food,Restaurant,Expense,68.3,Net Banking,Main Bank,Local Merchant,India
TXN000213,2025-04-03,Canteen,Food,Canteen,Expense,189.1,UPI,Credit Card,Local Merchant,India
TXN000214,2025-04-03,Train,Travel,Train,Expense,300.05,Net Banking,Main Bank,Local Merchant,India
TXN000215,2025-04-04,Food Delivery,Food,Food Delivery,Expense,788.06,Net Banking,Main Bank,Local Merchant,India
TXN000216,2025-04-04,Canteen,Food,Canteen,Expense,441.89,Net Banking,Main Bank,Local Merchant,India
TXN000217,2025-04-04,Fuel,Travel,Fuel,Expense,251.17,UPI,Main Bank,Local Merchant,India
TXN000218,2025-04-04,Electronics,Shopping,Electronics,Expense,511.97,UPI,Main Bank,Local Merchant,India
TXN000219,2025-04-05,Mobile,Utilities,Mobile,Expense,2874.9,Net Banking,Main Bank,Service Provider,India
TXN000220,2025-04-05,Food Delivery,Food,Food Delivery,Expense,363.19,Net Banking,Credit Card,Local Merchant,India
TXN000221,2025-04-05,Bus,Travel,Bus,Expense,791.67,Net Banking,Main Bank,Local Merchant,India
TXN000222,2025-04-06,Groceries,Food,Groceries,Expense,672.98,UPI,Main Bank,Local Merchant,India
TXN000223,2025-04-06,Groceries,Food,Groceries,Expense,215.36,UPI,Savings Account,Local Merchant,India
TXN000224,2025-04-06,Bus,Travel,Bus,Expense,514.93,UPI,Main Bank,Local Merchant,India
TXN000225,2025-04-07,Restaurant,Food,Restaurant,Expense,436.44,Cash,Credit Card,Local Merchant,India
TXN000226,2025-04-08,Canteen,Food,Canteen,Expense,76.15,Net Banking,Cash,Local Merchant,India
TXN000227,2025-04-08,Fuel,Travel,Fuel,Expense,234.51,UPI,Cash,Local Merchant,India
TXN000228,2025-04-09,Canteen,Food,Canteen,Expense,541.43,Debit Card,Main Bank,Local Merchant,India
TXN000229,2025-04-09,Taxi,Travel,Taxi,Expense,33.91,Credit Card,Main Bank,Local Merchant,India
TXN000230,2025-04-10,Groceries,Food,Groceries,Expense,720.86,Net Banking,Main Bank,Local Merchant,India
TXN000231,2025-04-10,Groceries,Food,Groceries,Expense,410.44,Debit Card,Cash,Local Merchant,India
TXN000232,2025-04-10,Train,Travel,Train,Expense,448.71,Net Banking,Savings Account,Local Merchant,India
TXN000233,2025-04-11,Groceries,Food,Groceries,Expense,168.01,UPI,Main Bank,Local Merchant,India
TXN000234,2025-04-11,Groceries,Food,Groceries,Expense,573.1,Credit Card,Main Bank,Local Merchant,India
TXN000235,2025-04-12,Groceries,Food,Groceries,Expense,71.94,Net Banking,Main Bank,Local Merchant,India
TXN000236,2025-04-12,Canteen,Food,Canteen,Expense,221.47,Net Banking,Main Bank,Local Merchant,India
TXN000237,2025-04-12,Bus,Travel,Bus,Expense,420.75,UPI,Main Bank,Local Merchant,India
TXN000238,2025-04-13,Food Delivery,Food,Food Delivery,Expense,244.85,Debit Card,Main Bank,Local Merchant,India
TXN000239,2025-04-14,Groceries,Food,Groceries,Expense,772.24,UPI,Main Bank,Local Merchant,India
TXN000240,2025-04-14,Restaurant,Food,Restaurant,Expense,615.27,Net Banking,Main Bank,Local Merchant,India
TXN000241,2025-04-15,Restaurant,Food,Restaurant,Expense,581.43,Cash,Main Bank,Local Merchant,India
TXN000242,2025-04-15,Food Delivery,Food,Food Delivery,Expense,84.31,Net Banking,Credit Card,Local Merchant,India
TXN000243,2025-04-16,Food Delivery,Food,Food Delivery,Expense,68.44,UPI,Main Bank,Local Merchant,India
TXN000244,2025-04-16,Taxi,Travel,Taxi,Expense,224.43,UPI,Main Bank,Local Merchant,India
TXN000245,2025-04-17,Groceries,Food,Groceries,Expense,690.66,Cash,Cash,Local Merchant,India
TXN000246,2025-04-17,Fuel,Travel,Fuel,Expense,93.43,Credit Card,Savings Account,Local Merchant,India
TXN000247,2025-04-18,Food Delivery,Food,Food Delivery,Expense,374.25,Net Banking,Main Bank,Local Merchant,India
TXN000248,2025-04-18,Canteen,Food,Canteen,Expense,773.39,Net Banking,Main Bank,Local Merchant,India
TXN000249,2025-04-18,Train,Travel,Train,Expense,718.46,UPI,Main Bank,Local Merchant,India
TXN000250,2025-04-18,Spotify,Subscriptions,Spotify,Expense,877.92,Cash,Credit Card,Local Merchant,India
TXN000251,2025-04-19,Groceries,Food,Groceries,Expense,632.45,Net Banking,Cash,Local Merchant,India
TXN000252,2025-04-20,Food Delivery,Food,Food Delivery,Expense,740.64,Debit Card,Savings Account,Local Merchant,India
TXN000253,2025-04-20,Train,Travel,Train,Expense,490.71,Debit Card,Main Bank,Local Merchant,India
TXN000254,2025-04-21,Canteen,Food,Canteen,Expense,538.64,UPI,Main Bank,Local Merchant,India
TXN000255,2025-04-21,Food Delivery,Food,Food Delivery,Expense,282.77,Cash,Main Bank,Local Merchant,India
TXN000256,2025-04-21,Fuel,Travel,Fuel,Expense,334.57,Net Banking,Savings Account,Local Merchant,India
TXN000257,2025-04-22,Restaurant,Food,Restaurant,Expense,730.86,Net Banking,Savings Account,Local Merchant,India
TXN000258,2025-04-22,Groceries,Food,Groceries,Expense,231.53,Net Banking,Main Bank,Local Merchant,India
TXN000259,2025-04-22,Train,Travel,Train,Expense,191.97,UPI,Savings Account,Local Merchant,India
TXN000260,2025-04-23,Groceries,Food,Groceries,Expense,711.9,UPI,Cash,Local Merchant,India
TXN000261,2025-04-23,Taxi,Travel,Taxi,Expense,132.19,Debit Card,Savings Account,Local Merchant,India
TXN000262,2025-04-24,Food Delivery,Food,Food Delivery,Expense,128.43,Debit Card,Savings Account,Local Merchant,India
TXN000263,2025-04-24,Train,Travel,Train,Expense,504.79,Debit Card,Main Bank,Local Merchant,India
TXN000264,2025-04-25,Restaurant,Food,Restaurant,Expense,637.57,Debit Card,Main Bank,Local Merchant,India
TXN000265,2025-04-25,Canteen,Food,Canteen,Expense,721.11,Cash,Cash,Local Merchant,India
TXN000266,2025-04-25,Taxi,Travel,Taxi,Expense,61.38,UPI,Main Bank,Local Merchant,India
TXN000267,2025-04-26,Groceries,Food,Groceries,Expense,409.46,Debit Card,Main Bank,Local Merchant,India
TXN000268,2025-04-26,Restaurant,Food,Restaurant,Expense,302.67,UPI,Savings Account,Local Merchant,India
TXN000269,2025-04-27,Canteen,Food,Canteen,Expense,221.34,Net Banking,Credit Card,Local Merchant,India
TXN000270,2025-04-27,Canteen,Food,Canteen,Expense,111.14,UPI,Main Bank,Local Merchant,India
TXN000271,2025-04-27,Taxi,Travel,Taxi,Expense,228.42,Cash,Cash,Local Merchant,India
TXN000272,2025-04-28,Groceries,Food,Groceries,Expense,309.45,UPI,Credit Card,Local Merchant,India
TXN000273,2025-04-28,Food Delivery,Food,Food Delivery,Expense,457.48,Cash,Main Bank,Local Merchant,India
TXN000274,2025-04-28,Train,Travel,Train,Expense,404.74,Net Banking,Credit Card,Local Merchant,India
TXN000275,2025-04-29,Restaurant,Food,Restaurant,Expense,734.27,UPI,Main Bank,Local Merchant,India
TXN000276,2025-04-30,Food Delivery,Food,Food Delivery,Expense,731.77,UPI,Main Bank,Local Merchant,India
TXN000277,2025-04-30,Restaurant,Food,Restaurant,Expense,434.46,UPI,Main Bank,Local Merchant,India
TXN000278,2025-04-30,Train,Travel,Train,Expense,700.48,UPI,Main Bank,Local Merchant,India
TXN000279,2025-05-01,Monthly Salary,Salary,Monthly Salary,Income,53187.8,Net Banking,Main Bank,Employer,India
TXN000280,2025-05-01,Food Delivery,Food,Food Delivery,Expense,243.6,Credit Card,Main Bank,Local Merchant,India
TXN000281,2025-05-02,Monthly Rent,Rent,Monthly Rent,Expense,15630.32,Net Banking,Main Bank,Landlord,India
TXN000282,2025-05-02,Restaurant,Food,Restaurant,Expense,105.12,UPI,Main Bank,Local Merchant,India
TXN000283,2025-05-02,Train,Travel,Train,Expense,142.23,UPI,Main Bank,Local Merchant,India
TXN000284,2025-05-03,Food Delivery,Food,Food Delivery,Expense,334.52,Debit Card,Main Bank,Local Merchant,India
TXN000285,2025-05-03,Food Delivery,Food,Food Delivery,Expense,405.97,Net Banking,Cash,Local Merchant,India
TXN000286,2025-05-03,Taxi,Travel,Taxi,Expense,459.77,Cash,Main Bank,Local Merchant,India
TXN000287,2025-05-04,Food Delivery,Food,Food Delivery,Expense,88.77,Debit Card,Main Bank,Local Merchant,India
TXN000288,2025-05-04,Taxi,Travel,Taxi,Expense,273.44,Cash,Main Bank,Local Merchant,India
TXN000289,2025-05-05,Gas,Utilities,Gas,Expense,2214.92,UPI,Main Bank,Service Provider,India
TXN000290,2025-05-05,Restaurant,Food,Restaurant,Expense,779.82,Debit Card,Main Bank,Local Merchant,India
TXN000291,2025-05-05,Taxi,Travel,Taxi,Expense,543.49,UPI,Main Bank,Local Merchant,India
TXN000292,2025-05-06,Food Delivery,Food,Food Delivery,Expense,555.07,Net Banking,Main Bank,Local Merchant,India
TXN000293,2025-05-06,Food Delivery,Food,Food Delivery,Expense,167.12,UPI,Credit Card,Local Merchant,India
TXN000294,2025-05-06,Bus,Travel,Bus,Expense,675.35,Net Banking,Savings Account,Local Merchant,India
TXN000295,2025-05-07,Canteen,Food,Canteen,Expense,477.96,UPI,Credit Card,Local Merchant,India
TXN000296,2025-05-07,Restaurant,Food,Restaurant,Expense,739.01,Debit Card,Credit Card,Local Merchant,India
TXN000297,2025-05-08,Food Delivery,Food,Food Delivery,Expense,169.47,Debit Card,Main Bank,Local Merchant,India
TXN000298,2025-05-08,Groceries,Food,Groceries,Expense,355.18,Net Banking,Savings Account,Local Merchant,India
TXN000299,2025-05-08,Bus,Travel,Bus,Expense,114.01,Credit Card,Savings Account,Local Merchant,India
TXN000300,2025-05-09,Restaurant,Food,Restaurant,Expense,708.42,UPI,Cash,Local Merchant,India
TXN000301,2025-05-09,Groceries,Food,Groceries,Expense,140.16,Cash,Main Bank,Local Merchant,India
TXN000302,2025-05-09,Fuel,Travel,Fuel,Expense,499.57,Debit Card,Main Bank,Local Merchant,India
TXN000303,2025-05-10,Groceries,Food,Groceries,Expense,383.31,UPI,Main Bank,Local Merchant,India
TXN000304,2025-05-10,Food Delivery,Food,Food Delivery,Expense,551.16,Debit Card,Main Bank,Local Merchant,India
TXN000305,2025-05-10,Train,Travel,Train,Expense,762.64,Net Banking,Credit Card,Local Merchant,India
TXN000306,2025-05-11,Restaurant,Food,Restaurant,Expense,444.97,UPI,Main Bank,Local Merchant,India
TXN000307,2025-05-11,Taxi,Travel,Taxi,Expense,656.0,Net Banking,Credit Card,Local Merchant,India
TXN000308,2025-05-11,Accessories,Shopping,Accessories,Expense,4514.56,UPI,Credit Card,Local Merchant,India
TXN000309,2025-05-12,Canteen,Food,Canteen,Expense,197.87,Cash,Main Bank,Local Merchant,India
TXN000310,2025-05-12,Fuel,Travel,Fuel,Expense,227.72,UPI,Main Bank,Local Merchant,India
TXN000311,2025-05-13,Restaurant,Food,Restaurant,Expense,507.75,Net Banking,Main Bank,Local Merchant,India
TXN000312,2025-05-13,Food Delivery,Food,Food Delivery,Expense,667.38,Cash,Main Bank,Local Merchant,India
TXN000313,2025-05-14,Food Delivery,Food,Food Delivery,Expense,645.06,UPI,Credit Card,Local Merchant,India
TXN000314,2025-05-14,Train,Travel,Train,Expense,650.61,Debit Card,Main Bank,Local Merchant,India
TXN000315,2025-05-15,Restaurant,Food,Restaurant,Expense,664.39,Net Banking,Main Bank,Local Merchant,India
TXN000316,2025-05-15,Train,Travel,Train,Expense,164.58,UPI,Credit Card,Local Merchant,India
TXN000317,2025-05-16,Groceries,Food,Groceries,Expense,276.55,Net Banking,Cash,Local Merchant,India
TXN000318,2025-05-17,Groceries,Food,Groceries,Expense,367.96,UPI,Main Bank,Local Merchant,India
TXN000319,2025-05-17,Food Delivery,Food,Food Delivery,Expense,697.1,UPI,Main Bank,Local Merchant,India
TXN000320,2025-05-17,Taxi,Travel,Taxi,Expense,207.29,UPI,Main Bank,Local Merchant,India
TXN000321,2025-05-18,Restaurant,Food,Restaurant,Expense,156.33,UPI,Main Bank,Local Merchant,India
TXN000322,2025-05-19,Groceries,Food,Groceries,Expense,61.87,UPI,Cash,Local Merchant,India
TXN000323,2025-05-20,Restaurant,Food,Restaurant,Expense,248.67,Debit Card,Main Bank,Local Merchant,India
TXN000324,2025-05-20,Bus,Travel,Bus,Expense,204.53,UPI,Main Bank,Local Merchant,India
TXN000325,2025-05-21,Food Delivery,Food,Food Delivery,Expense,225.28,Cash,Cash,Local Merchant,India
TXN000326,2025-05-22,Restaurant,Food,Restaurant,Expense,552.12,Net Banking,Savings Account,Local Merchant,India
TXN000327,2025-05-22,Train,Travel,Train,Expense,373.69,UPI,Main Bank,Local Merchant,India
TXN000328,2025-05-23,Canteen,Food,Canteen,Expense,616.13,UPI,Main Bank,Local Merchant,India
TXN000329,2025-05-23,Taxi,Travel,Taxi,Expense,612.25,UPI,Savings Account,Local Merchant,India
TXN000330,2025-05-24,Canteen,Food,Canteen,Expense,349.49,UPI,Credit Card,Local Merchant,India
TXN000331,2025-05-25,Food Delivery,Food,Food Delivery,Expense,517.69,UPI,Savings Account,Local Merchant,India
TXN000332,2025-05-25,Fuel,Travel,Fuel,Expense,420.27,UPI,Main Bank,Local Merchant,India
TXN000333,2025-05-26,Restaurant,Food,Restaurant,Expense,335.68,UPI,Main Bank,Local Merchant,India
TXN000334,2025-05-26,Taxi,Travel,Taxi,Expense,335.68,UPI,Main Bank,Local Merchant,India
TXN000335,2025-05-27,Canteen,Food,Canteen,Expense,794.12,Net Banking,Main Bank,Local Merchant,India
TXN000336,2025-05-28,Restaurant,Food,Restaurant,Expense,708.48,Net Banking,Cash,Local Merchant,India
TXN000337,2025-05-29,Canteen,Food,Canteen,Expense,180.14,Credit Card,Main Bank,Local Merchant,India
TXN000338,2025-05-30,Groceries,Food,Groceries,Expense,696.51,Net Banking,Main Bank,Local Merchant,India
TXN000339,2025-05-31,Canteen,Food,Canteen,Expense,349.0,UPI,Main Bank,Local Merchant,India
TXN000340,2025-05-31,Train,Travel,Train,Expense,419.7,UPI,Main Bank,Local Merchant,India
TXN000341,2025-06-01,Monthly Salary,Salary,Monthly Salary,Income,49401.65,Net Banking,Main Bank,Employer,India
TXN000342,2025-06-01,Groceries,Food,Groceries,Expense,752.34,Net Banking,Main Bank,Local Merchant,India
TXN000343,2025-06-01,Canteen,Food,Canteen,Expense,530.62,UPI,Main Bank,Local Merchant,India
TXN000344,2025-06-02,Monthly Rent,Rent,Monthly Rent,Expense,18246.09,Net Banking,Main Bank,Landlord,India
TXN000345,2025-06-02,Groceries,Food,Groceries,Expense,93.62,Net Banking,Main Bank,Local Merchant,India
TXN000346,2025-06-02,Food Delivery,Food,Food Delivery,Expense,273.02,UPI,Main Bank,Local Merchant,India
TXN000347,2025-06-02,Fuel,Travel,Fuel,Expense,263.52,UPI,Savings Account,Local Merchant,India
TXN000348,2025-06-02,Events,Entertainment,Events,Expense,726.46,UPI,Main Bank,Local Merchant,India
TXN000349,2025-06-03,Food Delivery,Food,Food Delivery,Expense,686.01,Net Banking,Savings Account,Local Merchant,India
TXN000350,2025-06-03,Canteen,Food,Canteen,Expense,387.34,UPI,Main Bank,Local Merchant,India
TXN000351,2025-06-03,Train,Travel,Train,Expense,166.2,UPI,Credit Card,Local Merchant,India
TXN000352,2025-06-04,Restaurant,Food,Restaurant,Expense,642.75,Debit Card,Savings Account,Local Merchant,India
TXN000353,2025-06-04,Bus,Travel,Bus,Expense,195.71,UPI,Main Bank,Local Merchant,India
TXN000354,2025-06-05,Electricity,Utilities,Electricity,Expense,606.58,UPI,Main Bank,Service Provider,India
TXN000355,2025-06-05,Food Delivery,Food,Food Delivery,Expense,534.57,Cash,Main Bank,Local Merchant,India
TXN000356,2025-06-05,Train,Travel,Train,Expense,145.54,UPI,Savings Account,Local Merchant,India
TXN000357,2025-06-06,Groceries,Food,Groceries,Expense,394.59,Net Banking,Cash,Local Merchant,India
TXN000358,2025-06-06,Groceries,Food,Groceries,Expense,126.61,Credit Card,Credit Card,Local Merchant,India
TXN000359,2025-06-06,Course,Education,Course,Expense,672.92,Net Banking,Main Bank,Local Merchant,India
TXN000360,2025-06-07,Food Delivery,Food,Food Delivery,Expense,721.34,Debit Card,Main Bank,Local Merchant,India
TXN000361,2025-06-07,Food Delivery,Food,Food Delivery,Expense,387.96,Net Banking,Main Bank,Local Merchant,India
TXN000362,2025-06-08,Groceries,Food,Groceries,Expense,609.66,Credit Card,Cash,Local Merchant,India
TXN000363,2025-06-08,Canteen,Food,Canteen,Expense,59.08,Net Banking,Savings Account,Local Merchant,India
TXN000364,2025-06-08,Train,Travel,Train,Expense,793.52,Net Banking,Credit Card,Local Merchant,India
TXN000365,2025-06-09,Groceries,Food,Groceries,Expense,462.21,Net Banking,Main Bank,Local Merchant,India
TXN000366,2025-06-09,Restaurant,Food,Restaurant,Expense,65.71,UPI,Credit Card,Local Merchant,India
TXN000367,2025-06-09,Fuel,Travel,Fuel,Expense,205.44,Net Banking,Savings Account,Local Merchant,India
TXN000368,2025-06-09,Course,Education,Course,Expense,811.64,Net Banking,Main Bank,Local Merchant,India
TXN000369,2025-06-10,Groceries,Food,Groceries,Expense,143.93,Cash,Main Bank,Local Merchant,India
TXN000370,2025-06-10,Groceries,Food,Groceries,Expense,486.82,Net Banking,Cash,Local Merchant,India
TXN000371,2025-06-11,Restaurant,Food,Restaurant,Expense,218.46,UPI,Main Bank,Local Merchant,India
TXN000372,2025-06-11,Food Delivery,Food,Food Delivery,Expense,341.49,UPI,Main Bank,Local Merchant,India
TXN000373,2025-06-12,Food Delivery,Food,Food Delivery,Expense,794.31,Credit Card,Main Bank,Local Merchant,India
TXN000374,2025-06-13,Groceries,Food,Groceries,Expense,215.8,Net Banking,Savings Account,Local Merchant,India
TXN000375,2025-06-13,Taxi,Travel,Taxi,Expense,535.24,UPI,Main Bank,Local Merchant,India
TXN000376,2025-06-14,Groceries,Food,Groceries,Expense,173.61,UPI,Savings Account,Local Merchant,India
TXN000377,2025-06-15,Food Delivery,Food,Food Delivery,Expense,599.6,Cash,Main Bank,Local Merchant,India
TXN000378,2025-06-15,Food Delivery,Food,Food Delivery,Expense,508.96,UPI,Main Bank,Local Merchant,India
TXN000379,2025-06-15,Fuel,Travel,Fuel,Expense,519.94,Net Banking,Main Bank,Local Merchant,India
TXN000380,2025-06-15,Web Project,Freelance,Web Project,Income,13577.41,UPI,Main Bank,Freelance Client,India
TXN000381,2025-06-16,Restaurant,Food,Restaurant,Expense,543.17,UPI,Savings Account,Local Merchant,India
TXN000382,2025-06-16,Restaurant,Food,Restaurant,Expense,511.99,UPI,Main Bank,Local Merchant,India
TXN000383,2025-06-16,Business Income,Business,Business Income,Income,5529.67,Net Banking,Main Bank,Business,India
TXN000384,2025-06-17,Groceries,Food,Groceries,Expense,325.96,UPI,Main Bank,Local Merchant,India
TXN000385,2025-06-17,Canteen,Food,Canteen,Expense,402.74,Cash,Main Bank,Local Merchant,India
TXN000386,2025-06-17,Fuel,Travel,Fuel,Expense,585.99,Net Banking,Main Bank,Local Merchant,India
TXN000387,2025-06-18,Canteen,Food,Canteen,Expense,52.41,Debit Card,Main Bank,Local Merchant,India
TXN000388,2025-06-18,Groceries,Food,Groceries,Expense,340.76,UPI,Cash,Local Merchant,India
TXN000389,2025-06-18,Taxi,Travel,Taxi,Expense,79.94,Debit Card,Main Bank,Local Merchant,India
TXN000390,2025-06-19,Restaurant,Food,Restaurant,Expense,653.74,UPI,Cash,Local Merchant,India
TXN000391,2025-06-19,Groceries,Food,Groceries,Expense,527.37,UPI,Savings Account,Local Merchant,India
TXN000392,2025-06-20,Food Delivery,Food,Food Delivery,Expense,440.22,UPI,Main Bank,Local Merchant,India
TXN000393,2025-06-20,Groceries,Food,Groceries,Expense,375.51,UPI,Main Bank,Local Merchant,India
TXN000394,2025-06-20,Taxi,Travel,Taxi,Expense,620.27,Net Banking,Main Bank,Local Merchant,India
TXN000395,2025-06-21,Food Delivery,Food,Food Delivery,Expense,183.69,Credit Card,Credit Card,Local Merchant,India
TXN000396,2025-06-21,Food Delivery,Food,Food Delivery,Expense,337.87,Debit Card,Main Bank,Local Merchant,India
TXN000397,2025-06-21,Bus,Travel,Bus,Expense,784.33,UPI,Savings Account,Local Merchant,India
TXN000398,2025-06-22,Groceries,Food,Groceries,Expense,747.21,Net Banking,Main Bank,Local Merchant,India
TXN000399,2025-06-22,Canteen,Food,Canteen,Expense,372.24,Net Banking,Cash,Local Merchant,India
TXN000400,2025-06-22,Bus,Travel,Bus,Expense,365.09,Net Banking,Savings Account,Local Merchant,India
TXN000401,2025-06-23,Restaurant,Food,Restaurant,Expense,732.04,Net Banking,Main Bank,Local Merchant,India
TXN000402,2025-06-23,Train,Travel,Train,Expense,499.87,UPI,Savings Account,Local Merchant,India
TXN000403,2025-06-24,Food Delivery,Food,Food Delivery,Expense,92.79,UPI,Main Bank,Local Merchant,India
TXN000404,2025-06-24,Canteen,Food,Canteen,Expense,256.71,Net Banking,Credit Card,Local Merchant,India
TXN000405,2025-06-24,Taxi,Travel,Taxi,Expense,376.3,Net Banking,Main Bank,Local Merchant,India
TXN000406,2025-06-24,Design Project,Freelance,Design Project,Income,9743.91,UPI,Main Bank,Freelance Client,India
TXN000407,2025-06-25,Canteen,Food,Canteen,Expense,114.82,UPI,Savings Account,Local Merchant,India
TXN000408,2025-06-25,Fuel,Travel,Fuel,Expense,461.33,Net Banking,Main Bank,Local Merchant,India
TXN000409,2025-06-26,Groceries,Food,Groceries,Expense,785.97,UPI,Savings Account,Local Merchant,India
TXN000410,2025-06-26,Fuel,Travel,Fuel,Expense,290.46,UPI,Credit Card,Local Merchant,India
TXN000411,2025-06-27,Restaurant,Food,Restaurant,Expense,590.01,UPI,Main Bank,Local Merchant,India
TXN000412,2025-06-28,Restaurant,Food,Restaurant,Expense,352.98,Cash,Savings Account,Local Merchant,India
TXN000413,2025-06-28,Train,Travel,Train,Expense,92.93,Cash,Main Bank,Local Merchant,India
TXN000414,2025-06-29,Groceries,Food,Groceries,Expense,551.77,Cash,Main Bank,Local Merchant,India
TXN000415,2025-06-29,Groceries,Food,Groceries,Expense,611.96,UPI,Savings Account,Local Merchant,India
TXN000416,2025-06-29,Taxi,Travel,Taxi,Expense,383.61,UPI,Savings Account,Local Merchant,India
TXN000417,2025-06-30,Restaurant,Food,Restaurant,Expense,297.66,Net Banking,Main Bank,Local Merchant,India
TXN000418,2025-06-30,Food Delivery,Food,Food Delivery,Expense,144.69,Credit Card,Main Bank,Local Merchant,India
TXN000419,2025-06-30,Bus,Travel,Bus,Expense,377.45,Net Banking,Savings Account,Local Merchant,India
TXN000420,2025-06-30,Electronics,Shopping,Electronics,Expense,1915.22,UPI,Main Bank,Local Merchant,India
TXN000421,2025-07-01,Monthly Salary,Salary,Monthly Salary,Income,50983.18,Net Banking,Main Bank,Employer,India
TXN000422,2025-07-01,Restaurant,Food,Restaurant,Expense,120.06,UPI,Main Bank,Local Merchant,India
TXN000423,2025-07-01,Fuel,Travel,Fuel,Expense,251.1,Net Banking,Main Bank,Local Merchant,India
TXN000424,2025-07-02,Monthly Rent,Rent,Monthly Rent,Expense,15167.76,Net Banking,Main Bank,Landlord,India
TXN000425,2025-07-02,Restaurant,Food,Restaurant,Expense,449.77,UPI,Savings Account,Local Merchant,India
TXN000426,2025-07-02,Food Delivery,Food,Food Delivery,Expense,174.53,Debit Card,Main Bank,Local Merchant,India
TXN000427,2025-07-03,Groceries,Food,Groceries,Expense,75.04,UPI,Savings Account,Local Merchant,India
TXN000428,2025-07-03,Food Delivery,Food,Food Delivery,Expense,164.08,UPI,Main Bank,Local Merchant,India
TXN000429,2025-07-03,Fuel,Travel,Fuel,Expense,120.59,Net Banking,Main Bank,Local Merchant,India
TXN000430,2025-07-04,Groceries,Food,Groceries,Expense,593.89,UPI,Credit Card,Local Merchant,India
TXN000431,2025-07-05,Electricity,Utilities,Electricity,Expense,1899.39,Debit Card,Main Bank,Service Provider,India
TXN000432,2025-07-05,Food Delivery,Food,Food Delivery,Expense,717.69,UPI,Savings Account,Local Merchant,India
TXN000433,2025-07-05,Bus,Travel,Bus,Expense,258.3,Net Banking,Main Bank,Local Merchant,India
TXN000434,2025-07-06,Canteen,Food,Canteen,Expense,538.75,UPI,Main Bank,Local Merchant,India
TXN000435,2025-07-06,Restaurant,Food,Restaurant,Expense,671.19,UPI,Main Bank,Local Merchant,India
TXN000436,2025-07-07,Canteen,Food,Canteen,Expense,156.48,UPI,Main Bank,Local Merchant,India
TXN000437,2025-07-08,Groceries,Food,Groceries,Expense,681.09,Cash,Credit Card,Local Merchant,India
TXN000438,2025-07-08,Canteen,Food,Canteen,Expense,73.34,Net Banking,Main Bank,Local Merchant,India
TXN000439,2025-07-08,Fuel,Travel,Fuel,Expense,83.62,UPI,Cash,Local Merchant,India
TXN000440,2025-07-09,Food Delivery,Food,Food Delivery,Expense,532.16,Credit Card,Main Bank,Local Merchant,India
TXN000441,2025-07-09,Taxi,Travel,Taxi,Expense,82.75,Net Banking,Main Bank,Local Merchant,India
TXN000442,2025-07-10,Canteen,Food,Canteen,Expense,655.55,UPI,Cash,Local Merchant,India
TXN000443,2025-07-10,Design Project,Freelance,Design Project,Income,8364.67,Cash,Savings Account,Freelance Client,India
TXN000444,2025-07-11,Restaurant,Food,Restaurant,Expense,335.3,Net Banking,Main Bank,Local Merchant,India
TXN000445,2025-07-11,Food Delivery,Food,Food Delivery,Expense,63.5,UPI,Main Bank,Local Merchant,India
TXN000446,2025-07-12,Canteen,Food,Canteen,Expense,669.53,Credit Card,Cash,Local Merchant,India
TXN000447,2025-07-12,Groceries,Food,Groceries,Expense,772.11,Net Banking,Main Bank,Local Merchant,India
TXN000448,2025-07-13,Food Delivery,Food,Food Delivery,Expense,577.76,Cash,Main Bank,Local Merchant,India
TXN000449,2025-07-13,Restaurant,Food,Restaurant,Expense,84.59,Debit Card,Main Bank,Local Merchant,India
TXN000450,2025-07-13,Electronics,Shopping,Electronics,Expense,3793.01,UPI,Credit Card,Local Merchant,India
TXN000451,2025-07-14,Groceries,Food,Groceries,Expense,494.92,Net Banking,Main Bank,Local Merchant,India
TXN000452,2025-07-14,Bus,Travel,Bus,Expense,675.38,UPI,Main Bank,Local Merchant,India
TXN000453,2025-07-15,Canteen,Food,Canteen,Expense,544.12,UPI,Main Bank,Local Merchant,India
TXN000454,2025-07-15,Bus,Travel,Bus,Expense,102.27,Net Banking,Savings Account,Local Merchant,India
TXN000455,2025-07-16,Food Delivery,Food,Food Delivery,Expense,438.08,UPI,Main Bank,Local Merchant,India
TXN000456,2025-07-16,Taxi,Travel,Taxi,Expense,135.89,UPI,Main Bank,Local Merchant,India
TXN000457,2025-07-17,Food Delivery,Food,Food Delivery,Expense,641.6,Debit Card,Savings Account,Local Merchant,India
TXN000458,2025-07-17,Food Delivery,Food,Food Delivery,Expense,128.17,UPI,Main Bank,Local Merchant,India
TXN000459,2025-07-18,Groceries,Food,Groceries,Expense,429.7,Debit Card,Main Bank,Local Merchant,India
TXN000460,2025-07-18,Bus,Travel,Bus,Expense,60.62,Debit Card,Credit Card,Local Merchant,India
TXN000461,2025-07-19,Groceries,Food,Groceries,Expense,404.73,Debit Card,Main Bank,Local Merchant,India
TXN000462,2025-07-19,Fuel,Travel,Fuel,Expense,189.38,Cash,Main Bank,Local Merchant,India
TXN000463,2025-07-19,Accessories,Shopping,Accessories,Expense,4266.45,UPI,Main Bank,Local Merchant,India
TXN000464,2025-07-20,Restaurant,Food,Restaurant,Expense,347.6,UPI,Main Bank,Local Merchant,India
TXN000465,2025-07-20,Food Delivery,Food,Food Delivery,Expense,115.32,Debit Card,Main Bank,Local Merchant,India
TXN000466,2025-07-20,Taxi,Travel,Taxi,Expense,472.58,UPI,Savings Account,Local Merchant,India
TXN000467,2025-07-20,Events,Entertainment,Events,Expense,831.88,UPI,Main Bank,Local Merchant,India
TXN000468,2025-07-21,Groceries,Food,Groceries,Expense,585.52,Debit Card,Main Bank,Local Merchant,India
TXN000469,2025-07-21,Groceries,Food,Groceries,Expense,588.82,Net Banking,Savings Account,Local Merchant,India
TXN000470,2025-07-21,Cloud Storage,Subscriptions,Cloud Storage,Expense,153.57,Debit Card,Savings Account,Local Merchant,India
TXN000471,2025-07-22,Groceries,Food,Groceries,Expense,392.18,UPI,Main Bank,Local Merchant,India
TXN000472,2025-07-22,Food Delivery,Food,Food Delivery,Expense,462.19,Net Banking,Main Bank,Local Merchant,India
TXN000473,2025-07-22,Bus,Travel,Bus,Expense,755.13,Credit Card,Savings Account,Local Merchant,India
TXN000474,2025-07-23,Restaurant,Food,Restaurant,Expense,527.07,Net Banking,Main Bank,Local Merchant,India
TXN000475,2025-07-23,Food Delivery,Food,Food Delivery,Expense,178.89,Debit Card,Savings Account,Local Merchant,India
TXN000476,2025-07-23,Taxi,Travel,Taxi,Expense,441.15,UPI,Main Bank,Local Merchant,India
TXN000477,2025-07-24,Canteen,Food,Canteen,Expense,482.9,UPI,Main Bank,Local Merchant,India
TXN000478,2025-07-24,Taxi,Travel,Taxi,Expense,389.29,Net Banking,Main Bank,Local Merchant,India
TXN000479,2025-07-25,Canteen,Food,Canteen,Expense,108.21,Cash,Cash,Local Merchant,India
TXN000480,2025-07-25,Restaurant,Food,Restaurant,Expense,384.81,Net Banking,Cash,Local Merchant,India
TXN000481,2025-07-26,Canteen,Food,Canteen,Expense,486.65,UPI,Main Bank,Local Merchant,India
TXN000482,2025-07-26,Food Delivery,Food,Food Delivery,Expense,344.73,Cash,Main Bank,Local Merchant,India
TXN000483,2025-07-26,Taxi,Travel,Taxi,Expense,139.8,Net Banking,Main Bank,Local Merchant,India
TXN000484,2025-07-26,Interest,Investment,Interest,Income,530.2,UPI,Savings Account,Investment Source,India
TXN000485,2025-07-27,Groceries,Food,Groceries,Expense,125.94,Net Banking,Main Bank,Local Merchant,India
TXN000486,2025-07-28,Food Delivery,Food,Food Delivery,Expense,175.52,Net Banking,Main Bank,Local Merchant,India
TXN000487,2025-07-29,Canteen,Food,Canteen,Expense,206.65,Net Banking,Main Bank,Local Merchant,India
TXN000488,2025-07-29,Canteen,Food,Canteen,Expense,67.51,Net Banking,Main Bank,Local Merchant,India
TXN000489,2025-07-29,Bus,Travel,Bus,Expense,673.32,UPI,Main Bank,Local Merchant,India
TXN000490,2025-07-30,Food Delivery,Food,Food Delivery,Expense,459.04,UPI,Main Bank,Local Merchant,India
TXN000491,2025-07-30,Restaurant,Food,Restaurant,Expense,342.11,UPI,Main Bank,Local Merchant,India
TXN000492,2025-07-30,Bus,Travel,Bus,Expense,397.97,Cash,Main Bank,Local Merchant,India
TXN000493,2025-07-31,Restaurant,Food,Restaurant,Expense,670.11,Net Banking,Main Bank,Local Merchant,India
TXN000494,2025-07-31,Taxi,Travel,Taxi,Expense,238.09,Net Banking,Main Bank,Local Merchant,India
TXN000495,2025-08-01,Monthly Salary,Salary,Monthly Salary,Income,44350.12,Net Banking,Main Bank,Employer,India
TXN000496,2025-08-01,Groceries,Food,Groceries,Expense,383.03,Debit Card,Main Bank,Local Merchant,India
TXN000497,2025-08-01,Canteen,Food,Canteen,Expense,636.79,Net Banking,Main Bank,Local Merchant,India
TXN000498,2025-08-01,Fuel,Travel,Fuel,Expense,507.91,UPI,Main Bank,Local Merchant,India
TXN000499,2025-08-01,Gaming,Entertainment,Gaming,Expense,723.82,Net Banking,Credit Card,Local Merchant,India
TXN000500,2025-08-02,Monthly Rent,Rent,Monthly Rent,Expense,16267.09,Net Banking,Main Bank,Landlord,India
TXN000501,2025-08-02,Restaurant,Food,Restaurant,Expense,147.99,Net Banking,Main Bank,Local Merchant,India
TXN000502,2025-08-02,Groceries,Food,Groceries,Expense,560.57,Cash,Main Bank,Local Merchant,India
TXN000503,2025-08-03,Food Delivery,Food,Food Delivery,Expense,615.97,Cash,Main Bank,Local Merchant,India
TXN000504,2025-08-03,Food Delivery,Food,Food Delivery,Expense,264.34,UPI,Savings Account,Local Merchant,India
TXN000505,2025-08-03,Taxi,Travel,Taxi,Expense,737.43,UPI,Savings Account,Local Merchant,India
TXN000506,2025-08-04,Canteen,Food,Canteen,Expense,501.59,Debit Card,Cash,Local Merchant,India
TXN000507,2025-08-04,Canteen,Food,Canteen,Expense,200.36,UPI,Cash,Local Merchant,India
TXN000508,2025-08-04,Bus,Travel,Bus,Expense,259.79,UPI,Main Bank,Local Merchant,India
TXN000509,2025-08-04,Other Income,Other Income,Other,Income,1272.61,Net Banking,Savings Account,Other Source,India
TXN000510,2025-08-05,Internet,Utilities,Internet,Expense,2219.31,Net Banking,Main Bank,Service Provider,India
TXN000511,2025-08-05,Restaurant,Food,Restaurant,Expense,150.83,UPI,Main Bank,Local Merchant,India
TXN000512,2025-08-05,Restaurant,Food,Restaurant,Expense,300.06,Net Banking,Main Bank,Local Merchant,India
TXN000513,2025-08-06,Groceries,Food,Groceries,Expense,117.36,UPI,Main Bank,Local Merchant,India
TXN000514,2025-08-06,Food Delivery,Food,Food Delivery,Expense,675.61,Net Banking,Main Bank,Local Merchant,India
TXN000515,2025-08-07,Groceries,Food,Groceries,Expense,684.44,Debit Card,Main Bank,Local Merchant,India
TXN000516,2025-08-07,Train,Travel,Train,Expense,245.86,Credit Card,Main Bank,Local Merchant,India
TXN000517,2025-08-08,Food Delivery,Food,Food Delivery,Expense,482.78,Credit Card,Main Bank,Local Merchant,India
TXN000518,2025-08-08,Canteen,Food,Canteen,Expense,441.93,UPI,Main Bank,Local Merchant,India
TXN000519,2025-08-08,Train,Travel,Train,Expense,216.52,Cash,Main Bank,Local Merchant,India
TXN000520,2025-08-09,Food Delivery,Food,Food Delivery,Expense,697.55,UPI,Main Bank,Local Merchant,India
TXN000521,2025-08-09,Taxi,Travel,Taxi,Expense,727.71,UPI,Main Bank,Local Merchant,India
TXN000522,2025-08-10,Groceries,Food,Groceries,Expense,502.62,UPI,Main Bank,Local Merchant,India
TXN000523,2025-08-10,Bus,Travel,Bus,Expense,584.24,Net Banking,Main Bank,Local Merchant,India
TXN000524,2025-08-11,Food Delivery,Food,Food Delivery,Expense,444.71,Cash,Main Bank,Local Merchant,India
TXN000525,2025-08-11,Groceries,Food,Groceries,Expense,652.97,Debit Card,Main Bank,Local Merchant,India
TXN000526,2025-08-11,Taxi,Travel,Taxi,Expense,584.9,UPI,Main Bank,Local Merchant,India
TXN000527,2025-08-12,Canteen,Food,Canteen,Expense,253.66,UPI,Main Bank,Local Merchant,India
TXN000528,2025-08-12,Bus,Travel,Bus,Expense,66.08,UPI,Savings Account,Local Merchant,India
TXN000529,2025-08-12,Salon,Personal Care,Salon,Expense,812.67,Net Banking,Main Bank,Local Merchant,India
TXN000530,2025-08-13,Groceries,Food,Groceries,Expense,147.45,Debit Card,Cash,Local Merchant,India
TXN000531,2025-08-13,Train,Travel,Train,Expense,716.74,UPI,Credit Card,Local Merchant,India
TXN000532,2025-08-14,Groceries,Food,Groceries,Expense,565.26,Cash,Main Bank,Local Merchant,India
TXN000533,2025-08-14,Web Project,Freelance,Web Project,Income,13506.13,UPI,Main Bank,Freelance Client,India
TXN000534,2025-08-15,Groceries,Food,Groceries,Expense,557.08,Net Banking,Main Bank,Local Merchant,India
TXN000535,2025-08-15,Taxi,Travel,Taxi,Expense,525.99,UPI,Main Bank,Local Merchant,India
TXN000536,2025-08-16,Canteen,Food,Canteen,Expense,393.27,UPI,Main Bank,Local Merchant,India
TXN000537,2025-08-16,Fuel,Travel,Fuel,Expense,691.4,UPI,Main Bank,Local Merchant,India
TXN000538,2025-08-17,Groceries,Food,Groceries,Expense,702.32,Net Banking,Main Bank,Local Merchant,India
TXN000539,2025-08-17,Design Project,Freelance,Design Project,Income,10819.68,Net Banking,Main Bank,Freelance Client,India
TXN000540,2025-08-18,Food Delivery,Food,Food Delivery,Expense,346.35,Net Banking,Main Bank,Local Merchant,India
TXN000541,2025-08-18,Food Delivery,Food,Food Delivery,Expense,114.01,UPI,Savings Account,Local Merchant,India
TXN000542,2025-08-19,Groceries,Food,Groceries,Expense,566.03,UPI,Credit Card,Local Merchant,India
TXN000543,2025-08-20,Groceries,Food,Groceries,Expense,602.15,UPI,Credit Card,Local Merchant,India
TXN000544,2025-08-20,Bus,Travel,Bus,Expense,387.35,Net Banking,Main Bank,Local Merchant,India
TXN000545,2025-08-21,Food Delivery,Food,Food Delivery,Expense,629.69,Cash,Credit Card,Local Merchant,India
TXN000546,2025-08-21,Canteen,Food,Canteen,Expense,481.52,UPI,Main Bank,Local Merchant,India
TXN000547,2025-08-21,Bus,Travel,Bus,Expense,234.5,UPI,Main Bank,Local Merchant,India
TXN000548,2025-08-22,Groceries,Food,Groceries,Expense,328.8,UPI,Main Bank,Local Merchant,India
TXN000549,2025-08-22,Food Delivery,Food,Food Delivery,Expense,461.29,Net Banking,Savings Account,Local Merchant,India
TXN000550,2025-08-22,Fuel,Travel,Fuel,Expense,633.06,Net Banking,Main Bank,Local Merchant,India
TXN000551,2025-08-23,Groceries,Food,Groceries,Expense,221.18,UPI,Main Bank,Local Merchant,India
TXN000552,2025-08-24,Food Delivery,Food,Food Delivery,Expense,757.04,Net Banking,Credit Card,Local Merchant,India
TXN000553,2025-08-24,Restaurant,Food,Restaurant,Expense,533.44,Debit Card,Savings Account,Local Merchant,India
TXN000554,2025-08-24,Train,Travel,Train,Expense,180.79,UPI,Main Bank,Local Merchant,India
TXN000555,2025-08-25,Groceries,Food,Groceries,Expense,658.34,Debit Card,Main Bank,Local Merchant,India
TXN000556,2025-08-26,Restaurant,Food,Restaurant,Expense,267.88,Cash,Cash,Local Merchant,India
TXN000557,2025-08-26,Groceries,Food,Groceries,Expense,567.5,Credit Card,Credit Card,Local Merchant,India
TXN000558,2025-08-26,Bus,Travel,Bus,Expense,374.71,UPI,Credit Card,Local Merchant,India
TXN000559,2025-08-27,Restaurant,Food,Restaurant,Expense,559.72,UPI,Main Bank,Local Merchant,India
TXN000560,2025-08-28,Canteen,Food,Canteen,Expense,82.92,UPI,Main Bank,Local Merchant,India
TXN000561,2025-08-28,Taxi,Travel,Taxi,Expense,549.25,UPI,Credit Card,Local Merchant,India
TXN000562,2025-08-29,Restaurant,Food,Restaurant,Expense,131.67,Debit Card,Main Bank,Local Merchant,India
TXN000563,2025-08-29,Food Delivery,Food,Food Delivery,Expense,583.79,Net Banking,Main Bank,Local Merchant,India
TXN000564,2025-08-29,Bus,Travel,Bus,Expense,737.93,UPI,Main Bank,Local Merchant,India
TXN000565,2025-08-29,Accessories,Shopping,Accessories,Expense,3740.98,UPI,Savings Account,Local Merchant,India
TXN000566,2025-08-30,Restaurant,Food,Restaurant,Expense,775.29,UPI,Cash,Local Merchant,India
TXN000567,2025-08-30,Restaurant,Food,Restaurant,Expense,588.75,UPI,Main Bank,Local Merchant,India
TXN000568,2025-08-31,Groceries,Food,Groceries,Expense,424.17,UPI,Main Bank,Local Merchant,India
TXN000569,2025-08-31,Groceries,Food,Groceries,Expense,332.74,Debit Card,Cash,Local Merchant,India
TXN000570,2025-08-31,Train,Travel,Train,Expense,277.69,Net Banking,Savings Account,Local Merchant,India
TXN000571,2025-09-01,Monthly Salary,Salary,Monthly Salary,Income,54901.25,Net Banking,Main Bank,Employer,India
TXN000572,2025-09-01,Groceries,Food,Groceries,Expense,138.88,UPI,Main Bank,Local Merchant,India
TXN000573,2025-09-02,Monthly Rent,Rent,Monthly Rent,Expense,18088.06,Net Banking,Main Bank,Landlord,India
TXN000574,2025-09-02,Canteen,Food,Canteen,Expense,344.34,Net Banking,Credit Card,Local Merchant,India
TXN000575,2025-09-03,Groceries,Food,Groceries,Expense,238.25,Debit Card,Main Bank,Local Merchant,India
TXN000576,2025-09-03,Food Delivery,Food,Food Delivery,Expense,685.45,Net Banking,Cash,Local Merchant,India
TXN000577,2025-09-03,Salon,Personal Care,Salon,Expense,270.07,UPI,Main Bank,Local Merchant,India
TXN000578,2025-09-04,Groceries,Food,Groceries,Expense,762.84,Debit Card,Main Bank,Local Merchant,India
TXN000579,2025-09-04,Taxi,Travel,Taxi,Expense,281.28,Net Banking,Main Bank,Local Merchant,India
TXN000580,2025-09-05,Internet,Utilities,Internet,Expense,2731.4,UPI,Main Bank,Service Provider,India
TXN000581,2025-09-05,Canteen,Food,Canteen,Expense,407.25,Cash,Main Bank,Local Merchant,India
TXN000582,2025-09-05,Groceries,Food,Groceries,Expense,241.48,UPI,Main Bank,Local Merchant,India
TXN000583,2025-09-05,Train,Travel,Train,Expense,84.79,UPI,Credit Card,Local Merchant,India
TXN000584,2025-09-06,Canteen,Food,Canteen,Expense,676.87,UPI,Savings Account,Local Merchant,India
TXN000585,2025-09-06,Food Delivery,Food,Food Delivery,Expense,314.45,Net Banking,Main Bank,Local Merchant,India
TXN000586,2025-09-06,Bus,Travel,Bus,Expense,247.5,UPI,Main Bank,Local Merchant,India
TXN000587,2025-09-07,Groceries,Food,Groceries,Expense,362.42,Cash,Main Bank,Local Merchant,India
TXN000588,2025-09-08,Food Delivery,Food,Food Delivery,Expense,222.81,UPI,Savings Account,Local Merchant,India
TXN000589,2025-09-09,Groceries,Food,Groceries,Expense,686.32,UPI,Main Bank,Local Merchant,India
TXN000590,2025-09-09,Bus,Travel,Bus,Expense,224.67,UPI,Main Bank,Local Merchant,India
TXN000591,2025-09-10,Canteen,Food,Canteen,Expense,215.37,Net Banking,Main Bank,Local Merchant,India
TXN000592,2025-09-10,Food Delivery,Food,Food Delivery,Expense,545.76,UPI,Main Bank,Local Merchant,India
TXN000593,2025-09-11,Groceries,Food,Groceries,Expense,764.17,UPI,Main Bank,Local Merchant,India
TXN000594,2025-09-12,Groceries,Food,Groceries,Expense,126.89,Cash,Main Bank,Local Merchant,India
TXN000595,2025-09-12,Bus,Travel,Bus,Expense,375.59,UPI,Main Bank,Local Merchant,India
TXN000596,2025-09-13,Canteen,Food,Canteen,Expense,143.84,Net Banking,Main Bank,Local Merchant,India
TXN000597,2025-09-13,Bus,Travel,Bus,Expense,180.34,UPI,Main Bank,Local Merchant,India
TXN000598,2025-09-14,Groceries,Food,Groceries,Expense,595.29,Debit Card,Credit Card,Local Merchant,India
TXN000599,2025-09-14,Taxi,Travel,Taxi,Expense,401.53,Cash,Main Bank,Local Merchant,India
TXN000600,2025-09-14,Business Income,Business,Business Income,Income,6865.74,Net Banking,Main Bank,Business,India
TXN000601,2025-09-15,Groceries,Food,Groceries,Expense,123.14,Debit Card,Main Bank,Local Merchant,India
TXN000602,2025-09-15,Restaurant,Food,Restaurant,Expense,459.82,Net Banking,Main Bank,Local Merchant,India
TXN000603,2025-09-15,Taxi,Travel,Taxi,Expense,401.34,UPI,Credit Card,Local Merchant,India
TXN000604,2025-09-16,Canteen,Food,Canteen,Expense,709.51,Net Banking,Savings Account,Local Merchant,India
TXN000605,2025-09-16,Food Delivery,Food,Food Delivery,Expense,267.53,Net Banking,Savings Account,Local Merchant,India
TXN000606,2025-09-17,Restaurant,Food,Restaurant,Expense,674.62,Net Banking,Main Bank,Local Merchant,India
TXN000607,2025-09-17,Gaming,Entertainment,Gaming,Expense,1098.57,UPI,Main Bank,Local Merchant,India
TXN000608,2025-09-18,Groceries,Food,Groceries,Expense,708.49,Debit Card,Main Bank,Local Merchant,India
TXN000609,2025-09-18,Train,Travel,Train,Expense,363.23,Credit Card,Main Bank,Local Merchant,India
TXN000610,2025-09-18,Medicine,Healthcare,Medicine,Expense,3280.33,Credit Card,Main Bank,Local Merchant,India
TXN000611,2025-09-19,Food Delivery,Food,Food Delivery,Expense,613.2,UPI,Main Bank,Local Merchant,India
TXN000612,2025-09-19,Train,Travel,Train,Expense,734.34,UPI,Main Bank,Local Merchant,India
TXN000613,2025-09-20,Groceries,Food,Groceries,Expense,784.22,Debit Card,Main Bank,Local Merchant,India
TXN000614,2025-09-20,Food Delivery,Food,Food Delivery,Expense,367.05,UPI,Main Bank,Local Merchant,India
TXN000615,2025-09-20,Train,Travel,Train,Expense,427.93,Net Banking,Main Bank,Local Merchant,India
TXN000616,2025-09-21,Canteen,Food,Canteen,Expense,496.52,UPI,Credit Card,Local Merchant,India
TXN000617,2025-09-21,Food Delivery,Food,Food Delivery,Expense,272.97,UPI,Main Bank,Local Merchant,India
TXN000618,2025-09-22,Restaurant,Food,Restaurant,Expense,773.76,UPI,Savings Account,Local Merchant,India
TXN000619,2025-09-22,Groceries,Food,Groceries,Expense,554.04,Debit Card,Main Bank,Local Merchant,India
TXN000620,2025-09-22,Train,Travel,Train,Expense,696.89,Net Banking,Main Bank,Local Merchant,India
TXN000621,2025-09-23,Canteen,Food,Canteen,Expense,712.25,UPI,Main Bank,Local Merchant,India
TXN000622,2025-09-23,Restaurant,Food,Restaurant,Expense,330.17,UPI,Main Bank,Local Merchant,India
TXN000623,2025-09-23,Taxi,Travel,Taxi,Expense,224.89,Cash,Credit Card,Local Merchant,India
TXN000624,2025-09-24,Food Delivery,Food,Food Delivery,Expense,554.35,Net Banking,Main Bank,Local Merchant,India
TXN000625,2025-09-24,Restaurant,Food,Restaurant,Expense,607.12,UPI,Cash,Local Merchant,India
TXN000626,2025-09-24,Bus,Travel,Bus,Expense,364.2,UPI,Main Bank,Local Merchant,India
TXN000627,2025-09-24,Dividend,Investment,Dividend,Income,2960.94,Credit Card,Main Bank,Investment Source,India
TXN000628,2025-09-25,Food Delivery,Food,Food Delivery,Expense,540.5,Net Banking,Main Bank,Local Merchant,India
TXN000629,2025-09-25,Doctor,Healthcare,Doctor,Expense,1499.87,UPI,Main Bank,Local Merchant,India
TXN000630,2025-09-26,Restaurant,Food,Restaurant,Expense,505.05,Credit Card,Main Bank,Local Merchant,India
TXN000631,2025-09-27,Food Delivery,Food,Food Delivery,Expense,749.53,Cash,Main Bank,Local Merchant,India
TXN000632,2025-09-28,Food Delivery,Food,Food Delivery,Expense,101.34,UPI,Credit Card,Local Merchant,India
TXN000633,2025-09-28,Restaurant,Food,Restaurant,Expense,649.79,UPI,Cash,Local Merchant,India
TXN000634,2025-09-28,Business Income,Business,Business Income,Income,11170.09,Net Banking,Main Bank,Business,India
TXN000635,2025-09-29,Restaurant,Food,Restaurant,Expense,424.57,Cash,Main Bank,Local Merchant,India
TXN000636,2025-09-29,Canteen,Food,Canteen,Expense,98.0,Net Banking,Main Bank,Local Merchant,India
TXN000637,2025-09-29,Bus,Travel,Bus,Expense,184.85,Debit Card,Main Bank,Local Merchant,India
TXN000638,2025-09-29,Web Project,Freelance,Web Project,Income,12173.29,UPI,Main Bank,Freelance Client,India
TXN000639,2025-09-30,Restaurant,Food,Restaurant,Expense,169.62,UPI,Main Bank,Local Merchant,India
TXN000640,2025-09-30,Bus,Travel,Bus,Expense,605.02,Net Banking,Cash,Local Merchant,India
TXN000641,2025-10-01,Monthly Salary,Salary,Monthly Salary,Income,52567.1,Net Banking,Main Bank,Employer,India
TXN000642,2025-10-01,Food Delivery,Food,Food Delivery,Expense,743.42,UPI,Main Bank,Local Merchant,India
TXN000643,2025-10-01,Bus,Travel,Bus,Expense,302.42,Net Banking,Savings Account,Local Merchant,India
TXN000644,2025-10-02,Monthly Rent,Rent,Monthly Rent,Expense,19622.52,Net Banking,Main Bank,Landlord,India
TXN000645,2025-10-02,Restaurant,Food,Restaurant,Expense,315.82,Cash,Credit Card,Local Merchant,India
TXN000646,2025-10-02,Groceries,Food,Groceries,Expense,288.96,Net Banking,Main Bank,Local Merchant,India
TXN000647,2025-10-03,Restaurant,Food,Restaurant,Expense,713.28,UPI,Main Bank,Local Merchant,India
TXN000648,2025-10-03,Taxi,Travel,Taxi,Expense,500.12,UPI,Savings Account,Local Merchant,India
TXN000649,2025-10-04,Food Delivery,Food,Food Delivery,Expense,138.16,UPI,Main Bank,Local Merchant,India
TXN000650,2025-10-05,Internet,Utilities,Internet,Expense,1853.42,UPI,Main Bank,Service Provider,India
TXN000651,2025-10-05,Canteen,Food,Canteen,Expense,599.31,Net Banking,Main Bank,Local Merchant,India
TXN000652,2025-10-05,Canteen,Food,Canteen,Expense,129.01,UPI,Main Bank,Local Merchant,India
TXN000653,2025-10-06,Canteen,Food,Canteen,Expense,225.65,UPI,Credit Card,Local Merchant,India
TXN000654,2025-10-06,Food Delivery,Food,Food Delivery,Expense,789.69,UPI,Savings Account,Local Merchant,India
TXN000655,2025-10-07,Groceries,Food,Groceries,Expense,202.75,UPI,Main Bank,Local Merchant,India
TXN000656,2025-10-07,Groceries,Food,Groceries,Expense,523.56,Cash,Main Bank,Local Merchant,India
TXN000657,2025-10-08,Food Delivery,Food,Food Delivery,Expense,569.06,UPI,Main Bank,Local Merchant,India
TXN000658,2025-10-08,Groceries,Food,Groceries,Expense,559.17,Net Banking,Credit Card,Local Merchant,India
TXN000659,2025-10-09,Groceries,Food,Groceries,Expense,356.09,Net Banking,Main Bank,Local Merchant,India
TXN000660,2025-10-10,Food Delivery,Food,Food Delivery,Expense,614.48,Cash,Cash,Local Merchant,India
TXN000661,2025-10-10,Fuel,Travel,Fuel,Expense,286.89,Net Banking,Main Bank,Local Merchant,India
TXN000662,2025-10-11,Canteen,Food,Canteen,Expense,399.73,UPI,Main Bank,Local Merchant,India
TXN000663,2025-10-12,Food Delivery,Food,Food Delivery,Expense,708.01,UPI,Main Bank,Local Merchant,India
TXN000664,2025-10-12,Food Delivery,Food,Food Delivery,Expense,685.95,Cash,Credit Card,Local Merchant,India
TXN000665,2025-10-12,Bus,Travel,Bus,Expense,648.94,UPI,Credit Card,Local Merchant,India
TXN000666,2025-10-13,Canteen,Food,Canteen,Expense,312.89,UPI,Main Bank,Local Merchant,India
TXN000667,2025-10-13,Taxi,Travel,Taxi,Expense,314.5,UPI,Main Bank,Local Merchant,India
TXN000668,2025-10-14,Restaurant,Food,Restaurant,Expense,681.74,UPI,Main Bank,Local Merchant,India
TXN000669,2025-10-14,Restaurant,Food,Restaurant,Expense,629.61,Cash,Main Bank,Local Merchant,India
TXN000670,2025-10-15,Restaurant,Food,Restaurant,Expense,652.25,Cash,Main Bank,Local Merchant,India
TXN000671,2025-10-16,Food Delivery,Food,Food Delivery,Expense,196.23,Net Banking,Savings Account,Local Merchant,India
TXN000672,2025-10-17,Restaurant,Food,Restaurant,Expense,716.85,Debit Card,Main Bank,Local Merchant,India
TXN000673,2025-10-17,Restaurant,Food,Restaurant,Expense,280.18,UPI,Savings Account,Local Merchant,India
TXN000674,2025-10-17,Fuel,Travel,Fuel,Expense,271.65,UPI,Main Bank,Local Merchant,India
TXN000675,2025-10-18,Canteen,Food,Canteen,Expense,190.94,UPI,Savings Account,Local Merchant,India
TXN000676,2025-10-18,Food Delivery,Food,Food Delivery,Expense,382.89,Cash,Credit Card,Local Merchant,India
TXN000677,2025-10-18,Train,Travel,Train,Expense,563.12,UPI,Credit Card,Local Merchant,India
TXN000678,2025-10-19,Food Delivery,Food,Food Delivery,Expense,193.19,Credit Card,Main Bank,Local Merchant,India
TXN000679,2025-10-19,Train,Travel,Train,Expense,78.62,Net Banking,Cash,Local Merchant,India
TXN000680,2025-10-20,Food Delivery,Food,Food Delivery,Expense,630.25,Net Banking,Main Bank,Local Merchant,India
TXN000681,2025-10-20,Food Delivery,Food,Food Delivery,Expense,73.36,UPI,Main Bank,Local Merchant,India
TXN000682,2025-10-21,Restaurant,Food,Restaurant,Expense,550.14,UPI,Cash,Local Merchant,India
TXN000683,2025-10-21,Canteen,Food,Canteen,Expense,435.65,Net Banking,Main Bank,Local Merchant,India
TXN000684,2025-10-22,Restaurant,Food,Restaurant,Expense,580.13,Net Banking,Cash,Local Merchant,India
TXN000685,2025-10-23,Restaurant,Food,Restaurant,Expense,54.29,Cash,Main Bank,Local Merchant,India
TXN000686,2025-10-23,Bus,Travel,Bus,Expense,130.16,UPI,Main Bank,Local Merchant,India
TXN000687,2025-10-24,Food Delivery,Food,Food Delivery,Expense,540.76,UPI,Main Bank,Local Merchant,India
TXN000688,2025-10-25,Canteen,Food,Canteen,Expense,677.84,Debit Card,Main Bank,Local Merchant,India
TXN000689,2025-10-25,Food Delivery,Food,Food Delivery,Expense,361.11,UPI,Main Bank,Local Merchant,India
TXN000690,2025-10-25,Bus,Travel,Bus,Expense,612.68,UPI,Savings Account,Local Merchant,India
TXN000691,2025-10-26,Canteen,Food,Canteen,Expense,746.14,Net Banking,Main Bank,Local Merchant,India
TXN000692,2025-10-26,Taxi,Travel,Taxi,Expense,391.35,UPI,Main Bank,Local Merchant,India
TXN000693,2025-10-27,Groceries,Food,Groceries,Expense,428.0,Net Banking,Cash,Local Merchant,India
TXN000694,2025-10-27,Canteen,Food,Canteen,Expense,558.15,UPI,Credit Card,Local Merchant,India
TXN000695,2025-10-27,Bus,Travel,Bus,Expense,71.88,Debit Card,Credit Card,Local Merchant,India
TXN000696,2025-10-27,Movies,Entertainment,Movies,Expense,1662.66,Debit Card,Main Bank,Local Merchant,India
TXN000697,2025-10-28,Restaurant,Food,Restaurant,Expense,550.82,Net Banking,Main Bank,Local Merchant,India
TXN000698,2025-10-28,Food Delivery,Food,Food Delivery,Expense,564.05,UPI,Main Bank,Local Merchant,India
TXN000699,2025-10-28,Fuel,Travel,Fuel,Expense,648.16,Net Banking,Main Bank,Local Merchant,India
TXN000700,2025-10-29,Restaurant,Food,Restaurant,Expense,479.46,UPI,Credit Card,Local Merchant,India
TXN000701,2025-10-29,Fuel,Travel,Fuel,Expense,103.08,Debit Card,Savings Account,Local Merchant,India
TXN000702,2025-10-29,Clothing,Shopping,Clothing,Expense,3152.18,Net Banking,Cash,Local Merchant,India
TXN000703,2025-10-30,Food Delivery,Food,Food Delivery,Expense,697.25,Net Banking,Main Bank,Local Merchant,India
TXN000704,2025-10-31,Canteen,Food,Canteen,Expense,72.52,Net Banking,Main Bank,Local Merchant,India
TXN000705,2025-11-01,Monthly Salary,Salary,Monthly Salary,Income,54087.9,Net Banking,Main Bank,Employer,India
TXN000706,2025-11-01,Groceries,Food,Groceries,Expense,781.51,Net Banking,Cash,Local Merchant,India
TXN000707,2025-11-02,Monthly Rent,Rent,Monthly Rent,Expense,12568.28,Net Banking,Main Bank,Landlord,India
TXN000708,2025-11-02,Restaurant,Food,Restaurant,Expense,222.02,Cash,Main Bank,Local Merchant,India
TXN000709,2025-11-02,Restaurant,Food,Restaurant,Expense,106.12,UPI,Main Bank,Local Merchant,India
TXN000710,2025-11-03,Food Delivery,Food,Food Delivery,Expense,166.68,UPI,Main Bank,Local Merchant,India
TXN000711,2025-11-03,Groceries,Food,Groceries,Expense,224.38,UPI,Main Bank,Local Merchant,India
TXN000712,2025-11-03,Bus,Travel,Bus,Expense,262.91,Net Banking,Main Bank,Local Merchant,India
TXN000713,2025-11-04,Canteen,Food,Canteen,Expense,790.05,UPI,Main Bank,Local Merchant,India
TXN000714,2025-11-04,Canteen,Food,Canteen,Expense,276.81,Debit Card,Cash,Local Merchant,India
TXN000715,2025-11-04,Train,Travel,Train,Expense,631.03,UPI,Main Bank,Local Merchant,India
TXN000716,2025-11-04,Accessories,Shopping,Accessories,Expense,686.68,Cash,Main Bank,Local Merchant,India
TXN000717,2025-11-05,Internet,Utilities,Internet,Expense,1204.8,UPI,Main Bank,Service Provider,India
TXN000718,2025-11-05,Groceries,Food,Groceries,Expense,310.3,Cash,Credit Card,Local Merchant,India
TXN000719,2025-11-05,Groceries,Food,Groceries,Expense,696.65,UPI,Main Bank,Local Merchant,India
TXN000720,2025-11-06,Restaurant,Food,Restaurant,Expense,196.37,Cash,Savings Account,Local Merchant,India
TXN000721,2025-11-06,Canteen,Food,Canteen,Expense,469.68,Credit Card,Savings Account,Local Merchant,India
TXN000722,2025-11-06,Fuel,Travel,Fuel,Expense,343.24,UPI,Main Bank,Local Merchant,India
TXN000723,2025-11-07,Groceries,Food,Groceries,Expense,763.58,UPI,Main Bank,Local Merchant,India
TXN000724,2025-11-07,Train,Travel,Train,Expense,699.6,UPI,Credit Card,Local Merchant,India
TXN000725,2025-11-08,Restaurant,Food,Restaurant,Expense,148.74,Net Banking,Main Bank,Local Merchant,India
TXN000726,2025-11-09,Restaurant,Food,Restaurant,Expense,502.89,Debit Card,Main Bank,Local Merchant,India
TXN000727,2025-11-09,Restaurant,Food,Restaurant,Expense,157.25,UPI,Savings Account,Local Merchant,India
TXN000728,2025-11-09,Taxi,Travel,Taxi,Expense,289.86,Net Banking,Main Bank,Local Merchant,India
TXN000729,2025-11-10,Groceries,Food,Groceries,Expense,239.48,Cash,Main Bank,Local Merchant,India
TXN000730,2025-11-10,Fuel,Travel,Fuel,Expense,30.5,Net Banking,Savings Account,Local Merchant,India
TXN000731,2025-11-11,Food Delivery,Food,Food Delivery,Expense,393.74,UPI,Main Bank,Local Merchant,India
TXN000732,2025-11-11,Restaurant,Food,Restaurant,Expense,227.81,Net Banking,Credit Card,Local Merchant,India
TXN000733,2025-11-12,Canteen,Food,Canteen,Expense,54.83,Net Banking,Savings Account,Local Merchant,India
TXN000734,2025-11-13,Canteen,Food,Canteen,Expense,751.38,UPI,Savings Account,Local Merchant,India
TXN000735,2025-11-13,Restaurant,Food,Restaurant,Expense,178.03,UPI,Main Bank,Local Merchant,India
TXN000736,2025-11-13,Fuel,Travel,Fuel,Expense,204.59,Credit Card,Main Bank,Local Merchant,India
TXN000737,2025-11-14,Food Delivery,Food,Food Delivery,Expense,258.85,Net Banking,Credit Card,Local Merchant,India
TXN000738,2025-11-14,Canteen,Food,Canteen,Expense,170.51,UPI,Main Bank,Local Merchant,India
TXN000739,2025-11-14,Taxi,Travel,Taxi,Expense,388.58,Net Banking,Credit Card,Local Merchant,India
TXN000740,2025-11-15,Groceries,Food,Groceries,Expense,508.08,UPI,Main Bank,Local Merchant,India
TXN000741,2025-11-15,Canteen,Food,Canteen,Expense,144.11,Net Banking,Main Bank,Local Merchant,India
TXN000742,2025-11-16,Restaurant,Food,Restaurant,Expense,99.62,UPI,Cash,Local Merchant,India
TXN000743,2025-11-16,Restaurant,Food,Restaurant,Expense,115.66,UPI,Main Bank,Local Merchant,India
TXN000744,2025-11-16,Bus,Travel,Bus,Expense,770.35,Credit Card,Credit Card,Local Merchant,India
TXN000745,2025-11-17,Food Delivery,Food,Food Delivery,Expense,288.16,Net Banking,Credit Card,Local Merchant,India
TXN000746,2025-11-18,Food Delivery,Food,Food Delivery,Expense,772.52,UPI,Savings Account,Local Merchant,India
TXN000747,2025-11-19,Food Delivery,Food,Food Delivery,Expense,304.98,UPI,Main Bank,Local Merchant,India
TXN000748,2025-11-19,Groceries,Food,Groceries,Expense,116.74,Net Banking,Main Bank,Local Merchant,India
TXN000749,2025-11-20,Food Delivery,Food,Food Delivery,Expense,173.66,UPI,Savings Account,Local Merchant,India
TXN000750,2025-11-20,Canteen,Food,Canteen,Expense,162.85,Net Banking,Main Bank,Local Merchant,India
TXN000751,2025-11-20,Train,Travel,Train,Expense,33.87,UPI,Credit Card,Local Merchant,India
TXN000752,2025-11-21,Canteen,Food,Canteen,Expense,270.7,UPI,Credit Card,Local Merchant,India
TXN000753,2025-11-22,Restaurant,Food,Restaurant,Expense,587.84,Net Banking,Main Bank,Local Merchant,India
TXN000754,2025-11-22,Food Delivery,Food,Food Delivery,Expense,731.88,UPI,Savings Account,Local Merchant,India
TXN000755,2025-11-22,Bus,Travel,Bus,Expense,591.88,Net Banking,Main Bank,Local Merchant,India
TXN000756,2025-11-23,Restaurant,Food,Restaurant,Expense,414.36,UPI,Savings Account,Local Merchant,India
TXN000757,2025-11-24,Groceries,Food,Groceries,Expense,487.7,UPI,Main Bank,Local Merchant,India
TXN000758,2025-11-24,Fuel,Travel,Fuel,Expense,594.41,Credit Card,Credit Card,Local Merchant,India
TXN000759,2025-11-25,Food Delivery,Food,Food Delivery,Expense,723.79,UPI,Main Bank,Local Merchant,India
TXN000760,2025-11-25,Taxi,Travel,Taxi,Expense,225.53,Net Banking,Main Bank,Local Merchant,India
TXN000761,2025-11-25,Lab,Healthcare,Lab,Expense,4906.73,UPI,Main Bank,Local Merchant,India
TXN000762,2025-11-26,Food Delivery,Food,Food Delivery,Expense,74.33,Credit Card,Main Bank,Local Merchant,India
TXN000763,2025-11-26,Train,Travel,Train,Expense,637.91,Net Banking,Main Bank,Local Merchant,India
TXN000764,2025-11-27,Groceries,Food,Groceries,Expense,73.83,Net Banking,Main Bank,Local Merchant,India
TXN000765,2025-11-27,Restaurant,Food,Restaurant,Expense,87.76,UPI,Savings Account,Local Merchant,India
TXN000766,2025-11-27,Fuel,Travel,Fuel,Expense,791.86,Debit Card,Main Bank,Local Merchant,India
TXN000767,2025-11-28,Groceries,Food,Groceries,Expense,107.33,Net Banking,Savings Account,Local Merchant,India
TXN000768,2025-11-28,Bus,Travel,Bus,Expense,282.7,UPI,Main Bank,Local Merchant,India
TXN000769,2025-11-29,Canteen,Food,Canteen,Expense,215.93,UPI,Cash,Local Merchant,India
TXN000770,2025-11-29,Restaurant,Food,Restaurant,Expense,621.41,Net Banking,Main Bank,Local Merchant,India
TXN000771,2025-11-29,Fuel,Travel,Fuel,Expense,121.36,Net Banking,Savings Account,Local Merchant,India
TXN000772,2025-11-29,Design Project,Freelance,Design Project,Income,5997.27,Credit Card,Main Bank,Freelance Client,India
TXN000773,2025-11-30,Groceries,Food,Groceries,Expense,746.08,Net Banking,Main Bank,Local Merchant,India
TXN000774,2025-11-30,Food Delivery,Food,Food Delivery,Expense,137.27,Debit Card,Credit Card,Local Merchant,India
TXN000775,2025-11-30,Lab,Healthcare,Lab,Expense,2135.4,Net Banking,Cash,Local Merchant,India
TXN000776,2025-12-01,Monthly Salary,Salary,Monthly Salary,Income,52576.86,Net Banking,Main Bank,Employer,India
TXN000777,2025-12-01,Canteen,Food,Canteen,Expense,241.5,UPI,Main Bank,Local Merchant,India
TXN000778,2025-12-01,Train,Travel,Train,Expense,444.09,UPI,Main Bank,Local Merchant,India
TXN000779,2025-12-02,Monthly Rent,Rent,Monthly Rent,Expense,12233.24,Net Banking,Main Bank,Landlord,India
TXN000780,2025-12-02,Restaurant,Food,Restaurant,Expense,167.21,UPI,Main Bank,Local Merchant,India
TXN000781,2025-12-02,Restaurant,Food,Restaurant,Expense,467.78,UPI,Main Bank,Local Merchant,India
TXN000782,2025-12-03,Canteen,Food,Canteen,Expense,750.73,Net Banking,Main Bank,Local Merchant,India
TXN000783,2025-12-03,Groceries,Food,Groceries,Expense,264.27,UPI,Main Bank,Local Merchant,India
TXN000784,2025-12-03,Bus,Travel,Bus,Expense,359.91,Net Banking,Cash,Local Merchant,India
TXN000785,2025-12-04,Food Delivery,Food,Food Delivery,Expense,683.5,UPI,Main Bank,Local Merchant,India
TXN000786,2025-12-04,Canteen,Food,Canteen,Expense,425.36,UPI,Main Bank,Local Merchant,India
TXN000787,2025-12-04,Bus,Travel,Bus,Expense,267.52,Debit Card,Main Bank,Local Merchant,India
TXN000788,2025-12-04,Exam Fees,Education,Exam Fees,Expense,3707.81,Credit Card,Main Bank,Local Merchant,India
TXN000789,2025-12-05,Mobile,Utilities,Mobile,Expense,1364.52,Net Banking,Main Bank,Service Provider,India
TXN000790,2025-12-05,Canteen,Food,Canteen,Expense,760.07,UPI,Savings Account,Local Merchant,India
TXN000791,2025-12-05,Canteen,Food,Canteen,Expense,390.8,Net Banking,Credit Card,Local Merchant,India
TXN000792,2025-12-05,Train,Travel,Train,Expense,559.8,UPI,Credit Card,Local Merchant,India
TXN000793,2025-12-06,Groceries,Food,Groceries,Expense,280.41,Cash,Main Bank,Local Merchant,India
TXN000794,2025-12-06,Bus,Travel,Bus,Expense,465.37,UPI,Savings Account,Local Merchant,India
TXN000795,2025-12-07,Canteen,Food,Canteen,Expense,653.72,UPI,Main Bank,Local Merchant,India
TXN000796,2025-12-07,Food Delivery,Food,Food Delivery,Expense,172.26,UPI,Main Bank,Local Merchant,India
TXN000797,2025-12-08,Restaurant,Food,Restaurant,Expense,701.31,Net Banking,Main Bank,Local Merchant,India
TXN000798,2025-12-08,Restaurant,Food,Restaurant,Expense,210.27,UPI,Main Bank,Local Merchant,India
TXN000799,2025-12-09,Food Delivery,Food,Food Delivery,Expense,285.28,UPI,Savings Account,Local Merchant,India
TXN000800,2025-12-09,Fuel,Travel,Fuel,Expense,779.83,Cash,Main Bank,Local Merchant,India
TXN000801,2025-12-10,Canteen,Food,Canteen,Expense,331.04,Cash,Main Bank,Local Merchant,India
TXN000802,2025-12-10,Train,Travel,Train,Expense,155.77,UPI,Main Bank,Local Merchant,India
TXN000803,2025-12-11,Food Delivery,Food,Food Delivery,Expense,194.94,UPI,Main Bank,Local Merchant,India
TXN000804,2025-12-11,Groceries,Food,Groceries,Expense,112.64,UPI,Savings Account,Local Merchant,India
TXN000805,2025-12-11,Fuel,Travel,Fuel,Expense,614.5,Net Banking,Main Bank,Local Merchant,India
TXN000806,2025-12-12,Restaurant,Food,Restaurant,Expense,206.44,UPI,Credit Card,Local Merchant,India
TXN000807,2025-12-12,Bus,Travel,Bus,Expense,236.49,UPI,Main Bank,Local Merchant,India
TXN000808,2025-12-13,Restaurant,Food,Restaurant,Expense,343.93,Credit Card,Main Bank,Local Merchant,India
TXN000809,2025-12-13,Restaurant,Food,Restaurant,Expense,782.02,UPI,Main Bank,Local Merchant,India
TXN000810,2025-12-13,Bus,Travel,Bus,Expense,207.1,UPI,Main Bank,Local Merchant,India
TXN000811,2025-12-14,Food Delivery,Food,Food Delivery,Expense,668.26,UPI,Main Bank,Local Merchant,India
TXN000812,2025-12-15,Food Delivery,Food,Food Delivery,Expense,110.92,Net Banking,Main Bank,Local Merchant,India
TXN000813,2025-12-16,Canteen,Food,Canteen,Expense,483.36,Net Banking,Main Bank,Local Merchant,India
TXN000814,2025-12-16,Groceries,Food,Groceries,Expense,626.0,UPI,Main Bank,Local Merchant,India
TXN000815,2025-12-17,Restaurant,Food,Restaurant,Expense,67.65,UPI,Main Bank,Local Merchant,India
TXN000816,2025-12-17,Canteen,Food,Canteen,Expense,467.14,Net Banking,Main Bank,Local Merchant,India
TXN000817,2025-12-17,Salon,Personal Care,Salon,Expense,1373.77,Net Banking,Savings Account,Local Merchant,India
TXN000818,2025-12-18,Food Delivery,Food,Food Delivery,Expense,95.76,UPI,Main Bank,Local Merchant,India
TXN000819,2025-12-18,Canteen,Food,Canteen,Expense,685.17,UPI,Savings Account,Local Merchant,India
TXN000820,2025-12-18,Train,Travel,Train,Expense,619.69,UPI,Main Bank,Local Merchant,India
TXN000821,2025-12-19,Groceries,Food,Groceries,Expense,398.05,Net Banking,Main Bank,Local Merchant,India
TXN000822,2025-12-19,Food Delivery,Food,Food Delivery,Expense,610.31,UPI,Main Bank,Local Merchant,India
TXN000823,2025-12-19,Train,Travel,Train,Expense,123.95,Net Banking,Main Bank,Local Merchant,India
TXN000824,2025-12-20,Restaurant,Food,Restaurant,Expense,358.53,UPI,Main Bank,Local Merchant,India
TXN000825,2025-12-21,Food Delivery,Food,Food Delivery,Expense,633.09,Credit Card,Savings Account,Local Merchant,India
TXN000826,2025-12-21,Train,Travel,Train,Expense,541.14,Net Banking,Main Bank,Local Merchant,India
TXN000827,2025-12-22,Canteen,Food,Canteen,Expense,425.21,UPI,Main Bank,Local Merchant,India
TXN000828,2025-12-23,Restaurant,Food,Restaurant,Expense,157.46,Net Banking,Main Bank,Local Merchant,India
TXN000829,2025-12-23,Restaurant,Food,Restaurant,Expense,638.58,Net Banking,Main Bank,Local Merchant,India
TXN000830,2025-12-23,Bus,Travel,Bus,Expense,553.32,Net Banking,Main Bank,Local Merchant,India
TXN000831,2025-12-23,Exam Fees,Education,Exam Fees,Expense,4659.29,UPI,Main Bank,Local Merchant,India
TXN000832,2025-12-24,Restaurant,Food,Restaurant,Expense,563.47,Net Banking,Cash,Local Merchant,India
TXN000833,2025-12-24,Groceries,Food,Groceries,Expense,307.05,UPI,Main Bank,Local Merchant,India
TXN000834,2025-12-25,Canteen,Food,Canteen,Expense,351.52,Net Banking,Savings Account,Local Merchant,India
TXN000835,2025-12-25,Bus,Travel,Bus,Expense,40.5,UPI,Main Bank,Local Merchant,India
TXN000836,2025-12-26,Food Delivery,Food,Food Delivery,Expense,720.8,Net Banking,Cash,Local Merchant,India
TXN000837,2025-12-26,Groceries,Food,Groceries,Expense,113.79,Cash,Main Bank,Local Merchant,India
TXN000838,2025-12-27,Groceries,Food,Groceries,Expense,286.19,UPI,Main Bank,Local Merchant,India
TXN000839,2025-12-28,Food Delivery,Food,Food Delivery,Expense,796.68,Debit Card,Cash,Local Merchant,India
TXN000840,2025-12-28,Restaurant,Food,Restaurant,Expense,407.35,UPI,Main Bank,Local Merchant,India
TXN000841,2025-12-29,Canteen,Food,Canteen,Expense,603.88,Credit Card,Main Bank,Local Merchant,India
TXN000842,2025-12-29,Fuel,Travel,Fuel,Expense,610.17,Net Banking,Main Bank,Local Merchant,India
TXN000843,2025-12-30,Groceries,Food,Groceries,Expense,69.27,UPI,Main Bank,Local Merchant,India
TXN000844,2025-12-31,Food Delivery,Food,Food Delivery,Expense,772.61,UPI,Main Bank,Local Merchant,India
TXN000845,2025-12-31,Canteen,Food,Canteen,Expense,258.38,Net Banking,Savings Account,Local Merchant,India
TXN000846,2026-01-01,Monthly Salary,Salary,Monthly Salary,Income,56900.99,Net Banking,Main Bank,Employer,India
TXN000847,2026-01-01,Canteen,Food,Canteen,Expense,253.84,UPI,Main Bank,Local Merchant,India
TXN000848,2026-01-01,Groceries,Food,Groceries,Expense,510.23,Net Banking,Cash,Local Merchant,India
TXN000849,2026-01-01,Train,Travel,Train,Expense,718.1,UPI,Credit Card,Local Merchant,India
TXN000850,2026-01-02,Monthly Rent,Rent,Monthly Rent,Expense,18163.58,Net Banking,Main Bank,Landlord,India
TXN000851,2026-01-02,Canteen,Food,Canteen,Expense,756.18,Cash,Savings Account,Local Merchant,India
TXN000852,2026-01-02,Food Delivery,Food,Food Delivery,Expense,92.66,Net Banking,Savings Account,Local Merchant,India
TXN000853,2026-01-02,Train,Travel,Train,Expense,513.65,Net Banking,Savings Account,Local Merchant,India
TXN000854,2026-01-03,Canteen,Food,Canteen,Expense,642.51,UPI,Main Bank,Local Merchant,India
TXN000855,2026-01-03,Bus,Travel,Bus,Expense,77.77,UPI,Main Bank,Local Merchant,India
TXN000856,2026-01-04,Canteen,Food,Canteen,Expense,388.8,UPI,Main Bank,Local Merchant,India
TXN000857,2026-01-04,Fuel,Travel,Fuel,Expense,789.07,UPI,Main Bank,Local Merchant,India
TXN000858,2026-01-05,Internet,Utilities,Internet,Expense,653.62,Net Banking,Main Bank,Service Provider,India
TXN000859,2026-01-05,Canteen,Food,Canteen,Expense,536.57,Net Banking,Main Bank,Local Merchant,India
TXN000860,2026-01-05,Restaurant,Food,Restaurant,Expense,246.85,Cash,Main Bank,Local Merchant,India
TXN000861,2026-01-06,Restaurant,Food,Restaurant,Expense,78.56,Debit Card,Savings Account,Local Merchant,India
TXN000862,2026-01-06,Food Delivery,Food,Food Delivery,Expense,464.27,Debit Card,Cash,Local Merchant,India
TXN000863,2026-01-06,Bus,Travel,Bus,Expense,225.78,UPI,Main Bank,Local Merchant,India
TXN000864,2026-01-07,Restaurant,Food,Restaurant,Expense,179.06,Net Banking,Main Bank,Local Merchant,India
TXN000865,2026-01-08,Food Delivery,Food,Food Delivery,Expense,289.34,Cash,Main Bank,Local Merchant,India
TXN000866,2026-01-08,Train,Travel,Train,Expense,397.17,Debit Card,Cash,Local Merchant,India
TXN000867,2026-01-09,Groceries,Food,Groceries,Expense,143.26,Net Banking,Credit Card,Local Merchant,India
TXN000868,2026-01-09,Train,Travel,Train,Expense,494.57,Net Banking,Main Bank,Local Merchant,India
TXN000869,2026-01-10,Groceries,Food,Groceries,Expense,721.3,UPI,Savings Account,Local Merchant,India
TXN000870,2026-01-10,Restaurant,Food,Restaurant,Expense,66.55,Net Banking,Main Bank,Local Merchant,India
TXN000871,2026-01-11,Restaurant,Food,Restaurant,Expense,532.97,UPI,Main Bank,Local Merchant,India
TXN000872,2026-01-11,Taxi,Travel,Taxi,Expense,383.69,Net Banking,Credit Card,Local Merchant,India
TXN000873,2026-01-12,Food Delivery,Food,Food Delivery,Expense,199.56,UPI,Main Bank,Local Merchant,India
TXN000874,2026-01-12,Train,Travel,Train,Expense,665.97,Debit Card,Savings Account,Local Merchant,India
TXN000875,2026-01-13,Canteen,Food,Canteen,Expense,455.84,Debit Card,Main Bank,Local Merchant,India
TXN000876,2026-01-13,Canteen,Food,Canteen,Expense,408.75,UPI,Cash,Local Merchant,India
TXN000877,2026-01-14,Restaurant,Food,Restaurant,Expense,457.25,UPI,Main Bank,Local Merchant,India
TXN000878,2026-01-14,Taxi,Travel,Taxi,Expense,172.03,UPI,Main Bank,Local Merchant,India
TXN000879,2026-01-14,Medicine,Healthcare,Medicine,Expense,4771.59,Net Banking,Main Bank,Local Merchant,India
TXN000880,2026-01-15,Food Delivery,Food,Food Delivery,Expense,55.5,UPI,Main Bank,Local Merchant,India
TXN000881,2026-01-15,Taxi,Travel,Taxi,Expense,706.09,Debit Card,Credit Card,Local Merchant,India
TXN000882,2026-01-15,Electronics,Shopping,Electronics,Expense,4164.99,Net Banking,Main Bank,Local Merchant,India
TXN000883,2026-01-16,Canteen,Food,Canteen,Expense,491.91,Cash,Main Bank,Local Merchant,India
TXN000884,2026-01-16,Restaurant,Food,Restaurant,Expense,177.42,UPI,Main Bank,Local Merchant,India
TXN000885,2026-01-16,Bus,Travel,Bus,Expense,157.88,UPI,Savings Account,Local Merchant,India
TXN000886,2026-01-17,Groceries,Food,Groceries,Expense,118.36,UPI,Savings Account,Local Merchant,India
TXN000887,2026-01-17,Canteen,Food,Canteen,Expense,552.83,Debit Card,Main Bank,Local Merchant,India
TXN000888,2026-01-17,Fuel,Travel,Fuel,Expense,532.79,Debit Card,Main Bank,Local Merchant,India
TXN000889,2026-01-18,Food Delivery,Food,Food Delivery,Expense,462.4,Net Banking,Main Bank,Local Merchant,India
TXN000890,2026-01-18,Groceries,Food,Groceries,Expense,227.69,UPI,Main Bank,Local Merchant,India
TXN000891,2026-01-19,Canteen,Food,Canteen,Expense,741.83,UPI,Main Bank,Local Merchant,India
TXN000892,2026-01-19,Groceries,Food,Groceries,Expense,535.59,Net Banking,Main Bank,Local Merchant,India
TXN000893,2026-01-20,Groceries,Food,Groceries,Expense,523.04,Net Banking,Main Bank,Local Merchant,India
TXN000894,2026-01-20,Food Delivery,Food,Food Delivery,Expense,649.37,UPI,Savings Account,Local Merchant,India
TXN000895,2026-01-20,Taxi,Travel,Taxi,Expense,316.53,Cash,Main Bank,Local Merchant,India
TXN000896,2026-01-21,Restaurant,Food,Restaurant,Expense,539.21,Cash,Savings Account,Local Merchant,India
TXN000897,2026-01-22,Food Delivery,Food,Food Delivery,Expense,626.69,Net Banking,Main Bank,Local Merchant,India
TXN000898,2026-01-22,Canteen,Food,Canteen,Expense,761.95,Net Banking,Credit Card,Local Merchant,India
TXN000899,2026-01-23,Canteen,Food,Canteen,Expense,412.85,UPI,Main Bank,Local Merchant,India
TXN000900,2026-01-23,Canteen,Food,Canteen,Expense,312.39,UPI,Savings Account,Local Merchant,India
TXN000901,2026-01-23,Taxi,Travel,Taxi,Expense,469.12,UPI,Savings Account,Local Merchant,India
TXN000902,2026-01-23,Doctor,Healthcare,Doctor,Expense,407.91,Credit Card,Main Bank,Local Merchant,India
TXN000903,2026-01-24,Canteen,Food,Canteen,Expense,196.82,Cash,Main Bank,Local Merchant,India
TXN000904,2026-01-24,Fuel,Travel,Fuel,Expense,231.23,UPI,Main Bank,Local Merchant,India
TXN000905,2026-01-25,Groceries,Food,Groceries,Expense,422.18,UPI,Savings Account,Local Merchant,India
TXN000906,2026-01-25,Groceries,Food,Groceries,Expense,289.02,UPI,Main Bank,Local Merchant,India
TXN000907,2026-01-25,Bus,Travel,Bus,Expense,100.39,Debit Card,Main Bank,Local Merchant,India
TXN000908,2026-01-26,Groceries,Food,Groceries,Expense,197.22,UPI,Cash,Local Merchant,India
TXN000909,2026-01-26,Canteen,Food,Canteen,Expense,491.07,UPI,Main Bank,Local Merchant,India
TXN000910,2026-01-27,Groceries,Food,Groceries,Expense,295.57,UPI,Main Bank,Local Merchant,India
TXN000911,2026-01-28,Restaurant,Food,Restaurant,Expense,492.24,UPI,Cash,Local Merchant,India
TXN000912,2026-01-28,Taxi,Travel,Taxi,Expense,162.31,Cash,Main Bank,Local Merchant,India
TXN000913,2026-01-29,Canteen,Food,Canteen,Expense,60.4,Debit Card,Savings Account,Local Merchant,India
TXN000914,2026-01-29,Design Project,Freelance,Design Project,Income,11484.18,Credit Card,Savings Account,Freelance Client,India
TXN000915,2026-01-30,Restaurant,Food,Restaurant,Expense,662.06,UPI,Savings Account,Local Merchant,India
TXN000916,2026-01-30,Bus,Travel,Bus,Expense,707.41,UPI,Main Bank,Local Merchant,India
TXN000917,2026-01-31,Groceries,Food,Groceries,Expense,153.59,Net Banking,Main Bank,Local Merchant,India
TXN000918,2026-02-01,Monthly Salary,Salary,Monthly Salary,Income,54101.97,Net Banking,Main Bank,Employer,India
TXN000919,2026-02-01,Canteen,Food,Canteen,Expense,284.45,UPI,Main Bank,Local Merchant,India
TXN000920,2026-02-01,Food Delivery,Food,Food Delivery,Expense,652.82,UPI,Main Bank,Local Merchant,India
TXN000921,2026-02-01,Bus,Travel,Bus,Expense,619.71,Credit Card,Credit Card,Local Merchant,India
TXN000922,2026-02-02,Monthly Rent,Rent,Monthly Rent,Expense,17373.67,Net Banking,Main Bank,Landlord,India
TXN000923,2026-02-02,Restaurant,Food,Restaurant,Expense,481.3,UPI,Main Bank,Local Merchant,India
TXN000924,2026-02-02,Train,Travel,Train,Expense,189.07,UPI,Main Bank,Local Merchant,India
TXN000925,2026-02-02,Interest,Investment,Interest,Income,4025.24,Net Banking,Main Bank,Investment Source,India
TXN000926,2026-02-03,Food Delivery,Food,Food Delivery,Expense,722.75,Net Banking,Main Bank,Local Merchant,India
TXN000927,2026-02-04,Food Delivery,Food,Food Delivery,Expense,414.63,UPI,Main Bank,Local Merchant,India
TXN000928,2026-02-04,Fuel,Travel,Fuel,Expense,403.95,Cash,Credit Card,Local Merchant,India
TXN000929,2026-02-05,Gas,Utilities,Gas,Expense,866.74,Net Banking,Main Bank,Service Provider,India
TXN000930,2026-02-05,Restaurant,Food,Restaurant,Expense,561.91,UPI,Main Bank,Local Merchant,India
TXN000931,2026-02-06,Food Delivery,Food,Food Delivery,Expense,651.8,Net Banking,Main Bank,Local Merchant,India
TXN000932,2026-02-06,Restaurant,Food,Restaurant,Expense,113.19,Credit Card,Main Bank,Local Merchant,India
TXN000933,2026-02-07,Canteen,Food,Canteen,Expense,652.43,Net Banking,Main Bank,Local Merchant,India
TXN000934,2026-02-07,Food Delivery,Food,Food Delivery,Expense,558.29,UPI,Cash,Local Merchant,India
TXN000935,2026-02-07,Fuel,Travel,Fuel,Expense,691.95,Net Banking,Main Bank,Local Merchant,India
TXN000936,2026-02-08,Canteen,Food,Canteen,Expense,557.48,Debit Card,Main Bank,Local Merchant,India
TXN000937,2026-02-08,Taxi,Travel,Taxi,Expense,495.32,Cash,Cash,Local Merchant,India
TXN000938,2026-02-09,Canteen,Food,Canteen,Expense,679.14,Credit Card,Savings Account,Local Merchant,India
TXN000939,2026-02-09,Canteen,Food,Canteen,Expense,156.5,UPI,Main Bank,Local Merchant,India
TXN000940,2026-02-10,Restaurant,Food,Restaurant,Expense,312.35,Net Banking,Main Bank,Local Merchant,India
TXN000941,2026-02-11,Food Delivery,Food,Food Delivery,Expense,783.19,Debit Card,Credit Card,Local Merchant,India
TXN000942,2026-02-11,Food Delivery,Food,Food Delivery,Expense,458.19,Net Banking,Main Bank,Local Merchant,India
TXN000943,2026-02-11,Bus,Travel,Bus,Expense,162.13,UPI,Main Bank,Local Merchant,India
TXN000944,2026-02-11,Clothing,Shopping,Clothing,Expense,950.35,Net Banking,Main Bank,Local Merchant,India
TXN000945,2026-02-12,Groceries,Food,Groceries,Expense,496.52,UPI,Main Bank,Local Merchant,India
TXN000946,2026-02-12,Groceries,Food,Groceries,Expense,663.22,Net Banking,Cash,Local Merchant,India
TXN000947,2026-02-13,Restaurant,Food,Restaurant,Expense,748.12,Credit Card,Savings Account,Local Merchant,India
TXN000948,2026-02-13,Bus,Travel,Bus,Expense,365.15,Net Banking,Main Bank,Local Merchant,India
TXN000949,2026-02-13,Clothing,Shopping,Clothing,Expense,4351.76,UPI,Main Bank,Local Merchant,India
TXN000950,2026-02-14,Restaurant,Food,Restaurant,Expense,666.67,Net Banking,Savings Account,Local Merchant,India
TXN000951,2026-02-14,Groceries,Food,Groceries,Expense,593.02,Net Banking,Main Bank,Local Merchant,India
TXN000952,2026-02-14,Fuel,Travel,Fuel,Expense,216.47,UPI,Savings Account,Local Merchant,India
TXN000953,2026-02-15,Food Delivery,Food,Food Delivery,Expense,738.38,UPI,Main Bank,Local Merchant,India
TXN000954,2026-02-16,Restaurant,Food,Restaurant,Expense,389.15,Net Banking,Savings Account,Local Merchant,India
TXN000955,2026-02-16,Groceries,Food,Groceries,Expense,431.67,Net Banking,Cash,Local Merchant,India
TXN000956,2026-02-16,Train,Travel,Train,Expense,441.92,UPI,Cash,Local Merchant,India
TXN000957,2026-02-17,Restaurant,Food,Restaurant,Expense,636.88,Net Banking,Main Bank,Local Merchant,India
TXN000958,2026-02-17,Restaurant,Food,Restaurant,Expense,123.03,Net Banking,Main Bank,Local Merchant,India
TXN000959,2026-02-17,Fuel,Travel,Fuel,Expense,764.61,UPI,Main Bank,Local Merchant,India
TXN000960,2026-02-18,Groceries,Food,Groceries,Expense,763.55,UPI,Main Bank,Local Merchant,India
TXN000961,2026-02-18,Canteen,Food,Canteen,Expense,190.34,Debit Card,Main Bank,Local Merchant,India
TXN000962,2026-02-18,Train,Travel,Train,Expense,367.76,Net Banking,Cash,Local Merchant,India
TXN000963,2026-02-19,Canteen,Food,Canteen,Expense,304.49,Net Banking,Credit Card,Local Merchant,India
TXN000964,2026-02-19,Taxi,Travel,Taxi,Expense,156.5,Net Banking,Main Bank,Local Merchant,India
TXN000965,2026-02-20,Restaurant,Food,Restaurant,Expense,732.07,UPI,Cash,Local Merchant,India
TXN000966,2026-02-20,Groceries,Food,Groceries,Expense,139.0,UPI,Main Bank,Local Merchant,India
TXN000967,2026-02-21,Food Delivery,Food,Food Delivery,Expense,209.21,UPI,Cash,Local Merchant,India
TXN000968,2026-02-21,Food Delivery,Food,Food Delivery,Expense,731.9,Net Banking,Cash,Local Merchant,India
TXN000969,2026-02-21,Taxi,Travel,Taxi,Expense,417.86,Net Banking,Credit Card,Local Merchant,India
TXN000970,2026-02-22,Canteen,Food,Canteen,Expense,575.7,UPI,Main Bank,Local Merchant,India
TXN000971,2026-02-22,Food Delivery,Food,Food Delivery,Expense,647.33,Net Banking,Main Bank,Local Merchant,India
TXN000972,2026-02-22,Bus,Travel,Bus,Expense,339.15,Net Banking,Main Bank,Local Merchant,India
TXN000973,2026-02-23,Canteen,Food,Canteen,Expense,245.69,Net Banking,Savings Account,Local Merchant,India
TXN000974,2026-02-24,Groceries,Food,Groceries,Expense,427.77,Net Banking,Main Bank,Local Merchant,India
TXN000975,2026-02-25,Canteen,Food,Canteen,Expense,521.42,Debit Card,Main Bank,Local Merchant,India
TXN000976,2026-02-25,Taxi,Travel,Taxi,Expense,713.35,Debit Card,Cash,Local Merchant,India
TXN000977,2026-02-25,Course,Education,Course,Expense,3521.33,Net Banking,Main Bank,Local Merchant,India
TXN000978,2026-02-26,Food Delivery,Food,Food Delivery,Expense,463.95,UPI,Main Bank,Local Merchant,India
TXN000979,2026-02-26,Canteen,Food,Canteen,Expense,228.11,UPI,Main Bank,Local Merchant,India
TXN000980,2026-02-27,Food Delivery,Food,Food Delivery,Expense,203.07,Cash,Cash,Local Merchant,India
TXN000981,2026-02-27,Fuel,Travel,Fuel,Expense,428.32,UPI,Main Bank,Local Merchant,India
TXN000982,2026-02-28,Groceries,Food,Groceries,Expense,690.24,Net Banking,Main Bank,Local Merchant,India
TXN000983,2026-02-28,Groceries,Food,Groceries,Expense,340.11,UPI,Main Bank,Local Merchant,India
TXN000984,2026-02-28,Bus,Travel,Bus,Expense,208.33,Net Banking,Main Bank,Local Merchant,India
TXN000985,2026-03-01,Monthly Salary,Salary,Monthly Salary,Income,51105.3,Net Banking,Main Bank,Employer,India
TXN000986,2026-03-01,Food Delivery,Food,Food Delivery,Expense,486.17,Net Banking,Main Bank,Local Merchant,India
TXN000987,2026-03-01,Restaurant,Food,Restaurant,Expense,713.36,Debit Card,Main Bank,Local Merchant,India
TXN000988,2026-03-01,Fuel,Travel,Fuel,Expense,262.13,Debit Card,Main Bank,Local Merchant,India
TXN000989,2026-03-02,Monthly Rent,Rent,Monthly Rent,Expense,12030.7,Net Banking,Main Bank,Landlord,India
TXN000990,2026-03-02,Food Delivery,Food,Food Delivery,Expense,487.35,Debit Card,Main Bank,Local Merchant,India
TXN000991,2026-03-02,Taxi,Travel,Taxi,Expense,388.08,UPI,Savings Account,Local Merchant,India
TXN000992,2026-03-03,Restaurant,Food,Restaurant,Expense,771.16,UPI,Main Bank,Local Merchant,India
TXN000993,2026-03-03,Restaurant,Food,Restaurant,Expense,737.92,Debit Card,Main Bank,Local Merchant,India
TXN000994,2026-03-03,Fuel,Travel,Fuel,Expense,293.22,UPI,Cash,Local Merchant,India
TXN000995,2026-03-04,Restaurant,Food,Restaurant,Expense,517.41,Net Banking,Cash,Local Merchant,India
TXN000996,2026-03-05,Internet,Utilities,Internet,Expense,656.27,UPI,Main Bank,Service Provider,India
TXN000997,2026-03-05,Groceries,Food,Groceries,Expense,398.15,Debit Card,Main Bank,Local Merchant,India
TXN000998,2026-03-05,Canteen,Food,Canteen,Expense,612.03,Cash,Main Bank,Local Merchant,India
TXN000999,2026-03-05,Train,Travel,Train,Expense,50.69,UPI,Main Bank,Local Merchant,India
TXN001000,2026-03-06,Restaurant,Food,Restaurant,Expense,654.2,UPI,Credit Card,Local Merchant,India
TXN001001,2026-03-06,Groceries,Food,Groceries,Expense,580.46,UPI,Main Bank,Local Merchant,India
TXN001002,2026-03-06,Fuel,Travel,Fuel,Expense,360.15,UPI,Main Bank,Local Merchant,India
TXN001003,2026-03-07,Restaurant,Food,Restaurant,Expense,153.78,Net Banking,Cash,Local Merchant,India
TXN001004,2026-03-08,Food Delivery,Food,Food Delivery,Expense,363.72,UPI,Credit Card,Local Merchant,India
TXN001005,2026-03-08,Restaurant,Food,Restaurant,Expense,101.33,Net Banking,Main Bank,Local Merchant,India
TXN001006,2026-03-08,Taxi,Travel,Taxi,Expense,502.88,UPI,Main Bank,Local Merchant,India
TXN001007,2026-03-09,Canteen,Food,Canteen,Expense,688.55,UPI,Main Bank,Local Merchant,India
TXN001008,2026-03-09,Groceries,Food,Groceries,Expense,186.36,UPI,Main Bank,Local Merchant,India
TXN001009,2026-03-10,Restaurant,Food,Restaurant,Expense,208.81,UPI,Main Bank,Local Merchant,India
TXN001010,2026-03-10,Fuel,Travel,Fuel,Expense,745.02,Net Banking,Main Bank,Local Merchant,India
TXN001011,2026-03-11,Food Delivery,Food,Food Delivery,Expense,119.54,Cash,Cash,Local Merchant,India
TXN001012,2026-03-11,Groceries,Food,Groceries,Expense,140.98,UPI,Main Bank,Local Merchant,India
TXN001013,2026-03-11,Fuel,Travel,Fuel,Expense,164.43,Net Banking,Savings Account,Local Merchant,India
TXN001014,2026-03-12,Restaurant,Food,Restaurant,Expense,141.06,Net Banking,Main Bank,Local Merchant,India
TXN001015,2026-03-12,Taxi,Travel,Taxi,Expense,510.0,Debit Card,Main Bank,Local Merchant,India
TXN001016,2026-03-13,Food Delivery,Food,Food Delivery,Expense,198.17,Net Banking,Main Bank,Local Merchant,India
TXN001017,2026-03-13,Fuel,Travel,Fuel,Expense,420.15,Net Banking,Savings Account,Local Merchant,India
TXN001018,2026-03-14,Canteen,Food,Canteen,Expense,720.05,UPI,Main Bank,Local Merchant,India
TXN001019,2026-03-14,Restaurant,Food,Restaurant,Expense,602.85,UPI,Main Bank,Local Merchant,India
TXN001020,2026-03-14,Taxi,Travel,Taxi,Expense,61.52,UPI,Main Bank,Local Merchant,India
TXN001021,2026-03-14,Books,Education,Books,Expense,2831.05,Debit Card,Main Bank,Local Merchant,India
TXN001022,2026-03-15,Restaurant,Food,Restaurant,Expense,106.17,UPI,Cash,Local Merchant,India
TXN001023,2026-03-15,Taxi,Travel,Taxi,Expense,226.62,Net Banking,Main Bank,Local Merchant,India
TXN001024,2026-03-16,Restaurant,Food,Restaurant,Expense,351.73,UPI,Main Bank,Local Merchant,India
TXN001025,2026-03-17,Restaurant,Food,Restaurant,Expense,125.42,UPI,Main Bank,Local Merchant,India
TXN001026,2026-03-17,Canteen,Food,Canteen,Expense,483.21,Debit Card,Main Bank,Local Merchant,India
TXN001027,2026-03-17,Bus,Travel,Bus,Expense,711.3,UPI,Main Bank,Local Merchant,India
TXN001028,2026-03-18,Food Delivery,Food,Food Delivery,Expense,437.47,UPI,Main Bank,Local Merchant,India
TXN001029,2026-03-18,Restaurant,Food,Restaurant,Expense,523.08,Cash,Main Bank,Local Merchant,India
TXN001030,2026-03-19,Restaurant,Food,Restaurant,Expense,92.17,Cash,Credit Card,Local Merchant,India
TXN001031,2026-03-19,Groceries,Food,Groceries,Expense,173.45,UPI,Main Bank,Local Merchant,India
TXN001032,2026-03-19,Fuel,Travel,Fuel,Expense,460.6,Cash,Main Bank,Local Merchant,India
TXN001033,2026-03-19,Miscellaneous,Others,Miscellaneous,Expense,816.27,Debit Card,Main Bank,Local Merchant,India
TXN001034,2026-03-20,Restaurant,Food,Restaurant,Expense,481.75,UPI,Main Bank,Local Merchant,India
TXN001035,2026-03-20,Food Delivery,Food,Food Delivery,Expense,651.53,UPI,Main Bank,Local Merchant,India
TXN001036,2026-03-20,Fuel,Travel,Fuel,Expense,510.1,UPI,Main Bank,Local Merchant,India
TXN001037,2026-03-21,Food Delivery,Food,Food Delivery,Expense,557.3,UPI,Main Bank,Local Merchant,India
TXN001038,2026-03-21,Groceries,Food,Groceries,Expense,329.75,UPI,Savings Account,Local Merchant,India
TXN001039,2026-03-22,Groceries,Food,Groceries,Expense,382.12,Net Banking,Main Bank,Local Merchant,India
TXN001040,2026-03-23,Food Delivery,Food,Food Delivery,Expense,656.43,UPI,Main Bank,Local Merchant,India
TXN001041,2026-03-23,Restaurant,Food,Restaurant,Expense,662.49,Net Banking,Main Bank,Local Merchant,India
TXN001042,2026-03-23,Train,Travel,Train,Expense,518.61,Debit Card,Main Bank,Local Merchant,India
TXN001043,2026-03-24,Restaurant,Food,Restaurant,Expense,416.09,Net Banking,Main Bank,Local Merchant,India
TXN001044,2026-03-24,Bus,Travel,Bus,Expense,285.77,Net Banking,Savings Account,Local Merchant,India
TXN001045,2026-03-25,Canteen,Food,Canteen,Expense,603.91,UPI,Main Bank,Local Merchant,India
TXN001046,2026-03-25,Fuel,Travel,Fuel,Expense,765.01,Net Banking,Main Bank,Local Merchant,India
TXN001047,2026-03-26,Food Delivery,Food,Food Delivery,Expense,521.65,Debit Card,Cash,Local Merchant,India
TXN001048,2026-03-26,Canteen,Food,Canteen,Expense,760.76,UPI,Main Bank,Local Merchant,India
TXN001049,2026-03-27,Restaurant,Food,Restaurant,Expense,606.78,UPI,Main Bank,Local Merchant,India
TXN001050,2026-03-27,Train,Travel,Train,Expense,314.4,Credit Card,Main Bank,Local Merchant,India
TXN001051,2026-03-28,Restaurant,Food,Restaurant,Expense,555.53,UPI,Main Bank,Local Merchant,India
TXN001052,2026-03-28,Canteen,Food,Canteen,Expense,364.5,Net Banking,Main Bank,Local Merchant,India
TXN001053,2026-03-28,Train,Travel,Train,Expense,749.16,UPI,Savings Account,Local Merchant,India
TXN001054,2026-03-29,Canteen,Food,Canteen,Expense,435.87,Net Banking,Main Bank,Local Merchant,India
TXN001055,2026-03-29,Restaurant,Food,Restaurant,Expense,486.55,Net Banking,Cash,Local Merchant,India
TXN001056,2026-03-29,Fuel,Travel,Fuel,Expense,257.11,Cash,Savings Account,Local Merchant,India
TXN001057,2026-03-30,Canteen,Food,Canteen,Expense,370.14,UPI,Main Bank,Local Merchant,India
TXN001058,2026-03-30,Food Delivery,Food,Food Delivery,Expense,708.31,UPI,Cash,Local Merchant,India
TXN001059,2026-03-30,Taxi,Travel,Taxi,Expense,663.48,UPI,Main Bank,Local Merchant,India
TXN001060,2026-03-31,Restaurant,Food,Restaurant,Expense,511.3,UPI,Main Bank,Local Merchant,India
TXN001061,2026-04-01,Monthly Salary,Salary,Monthly Salary,Income,53424.52,Net Banking,Main Bank,Employer,India
TXN001062,2026-04-01,Food Delivery,Food,Food Delivery,Expense,106.48,UPI,Cash,Local Merchant,India
TXN001063,2026-04-01,Fuel,Travel,Fuel,Expense,403.63,UPI,Cash,Local Merchant,India
TXN001064,2026-04-02,Monthly Rent,Rent,Monthly Rent,Expense,19869.69,Net Banking,Main Bank,Landlord,India
TXN001065,2026-04-02,Groceries,Food,Groceries,Expense,122.52,Net Banking,Main Bank,Local Merchant,India
TXN001066,2026-04-02,Bus,Travel,Bus,Expense,90.99,UPI,Main Bank,Local Merchant,India
TXN001067,2026-04-03,Restaurant,Food,Restaurant,Expense,392.79,UPI,Main Bank,Local Merchant,India
TXN001068,2026-04-03,Groceries,Food,Groceries,Expense,621.42,Net Banking,Main Bank,Local Merchant,India
TXN001069,2026-04-03,Train,Travel,Train,Expense,223.17,Cash,Credit Card,Local Merchant,India
TXN001070,2026-04-04,Canteen,Food,Canteen,Expense,92.93,Net Banking,Main Bank,Local Merchant,India
TXN001071,2026-04-04,Restaurant,Food,Restaurant,Expense,259.02,Net Banking,Main Bank,Local Merchant,India
TXN001072,2026-04-04,Train,Travel,Train,Expense,763.15,Net Banking,Savings Account,Local Merchant,India
TXN001073,2026-04-05,Mobile,Utilities,Mobile,Expense,706.43,UPI,Main Bank,Service Provider,India
TXN001074,2026-04-05,Groceries,Food,Groceries,Expense,432.85,UPI,Main Bank,Local Merchant,India
TXN001075,2026-04-05,Bus,Travel,Bus,Expense,393.61,Net Banking,Main Bank,Local Merchant,India
TXN001076,2026-04-06,Groceries,Food,Groceries,Expense,518.91,Net Banking,Savings Account,Local Merchant,India
TXN001077,2026-04-06,Train,Travel,Train,Expense,769.77,Cash,Main Bank,Local Merchant,India
TXN001078,2026-04-07,Canteen,Food,Canteen,Expense,599.87,Net Banking,Main Bank,Local Merchant,India
TXN001079,2026-04-07,Canteen,Food,Canteen,Expense,227.54,Net Banking,Main Bank,Local Merchant,India
TXN001080,2026-04-07,Bus,Travel,Bus,Expense,687.05,Cash,Main Bank,Local Merchant,India
TXN001081,2026-04-08,Groceries,Food,Groceries,Expense,436.38,Net Banking,Main Bank,Local Merchant,India
TXN001082,2026-04-08,Groceries,Food,Groceries,Expense,688.88,Net Banking,Main Bank,Local Merchant,India
TXN001083,2026-04-08,Clothing,Shopping,Clothing,Expense,2715.17,Net Banking,Main Bank,Local Merchant,India
TXN001084,2026-04-09,Groceries,Food,Groceries,Expense,612.95,UPI,Main Bank,Local Merchant,India
TXN001085,2026-04-09,Taxi,Travel,Taxi,Expense,423.54,UPI,Credit Card,Local Merchant,India
TXN001086,2026-04-10,Groceries,Food,Groceries,Expense,476.9,Net Banking,Main Bank,Local Merchant,India
TXN001087,2026-04-11,Canteen,Food,Canteen,Expense,345.86,Net Banking,Main Bank,Local Merchant,India
TXN001088,2026-04-11,Canteen,Food,Canteen,Expense,499.7,Debit Card,Main Bank,Local Merchant,India
TXN001089,2026-04-12,Food Delivery,Food,Food Delivery,Expense,170.48,UPI,Main Bank,Local Merchant,India
TXN001090,2026-04-12,Food Delivery,Food,Food Delivery,Expense,602.35,UPI,Main Bank,Local Merchant,India
TXN001091,2026-04-12,Bus,Travel,Bus,Expense,605.42,UPI,Credit Card,Local Merchant,India
TXN001092,2026-04-12,Business Income,Business,Business Income,Income,12711.23,Net Banking,Main Bank,Business,India
TXN001093,2026-04-13,Restaurant,Food,Restaurant,Expense,639.75,UPI,Main Bank,Local Merchant,India
TXN001094,2026-04-13,Canteen,Food,Canteen,Expense,505.49,UPI,Savings Account,Local Merchant,India
TXN001095,2026-04-13,Train,Travel,Train,Expense,789.6,UPI,Main Bank,Local Merchant,India
TXN001096,2026-04-14,Restaurant,Food,Restaurant,Expense,282.25,Net Banking,Savings Account,Local Merchant,India
TXN001097,2026-04-14,Bus,Travel,Bus,Expense,183.3,UPI,Main Bank,Local Merchant,India
TXN001098,2026-04-15,Food Delivery,Food,Food Delivery,Expense,229.06,UPI,Main Bank,Local Merchant,India
TXN001099,2026-04-16,Restaurant,Food,Restaurant,Expense,782.34,Net Banking,Cash,Local Merchant,India
TXN001100,2026-04-16,Groceries,Food,Groceries,Expense,277.46,Net Banking,Main Bank,Local Merchant,India
TXN001101,2026-04-16,Bus,Travel,Bus,Expense,628.85,Net Banking,Cash,Local Merchant,India
TXN001102,2026-04-17,Groceries,Food,Groceries,Expense,95.68,Net Banking,Main Bank,Local Merchant,India
TXN001103,2026-04-17,Food Delivery,Food,Food Delivery,Expense,219.38,UPI,Cash,Local Merchant,India
TXN001104,2026-04-17,Taxi,Travel,Taxi,Expense,654.95,UPI,Main Bank,Local Merchant,India
TXN001105,2026-04-18,Groceries,Food,Groceries,Expense,218.87,Credit Card,Main Bank,Local Merchant,India
TXN001106,2026-04-19,Food Delivery,Food,Food Delivery,Expense,256.0,Cash,Main Bank,Local Merchant,India
TXN001107,2026-04-19,Canteen,Food,Canteen,Expense,591.66,UPI,Main Bank,Local Merchant,India
TXN001108,2026-04-19,Web Project,Freelance,Web Project,Income,6722.82,UPI,Main Bank,Freelance Client,India
TXN001109,2026-04-20,Restaurant,Food,Restaurant,Expense,243.58,Cash,Main Bank,Local Merchant,India
TXN001110,2026-04-21,Restaurant,Food,Restaurant,Expense,631.91,Net Banking,Savings Account,Local Merchant,India
TXN001111,2026-04-21,Fuel,Travel,Fuel,Expense,59.84,Cash,Savings Account,Local Merchant,India
TXN001112,2026-04-22,Canteen,Food,Canteen,Expense,667.81,UPI,Cash,Local Merchant,India
TXN001113,2026-04-22,Fuel,Travel,Fuel,Expense,449.98,UPI,Savings Account,Local Merchant,India
TXN001114,2026-04-23,Restaurant,Food,Restaurant,Expense,159.14,Net Banking,Main Bank,Local Merchant,India
TXN001115,2026-04-23,Groceries,Food,Groceries,Expense,250.36,Net Banking,Main Bank,Local Merchant,India
TXN001116,2026-04-23,Fuel,Travel,Fuel,Expense,512.06,UPI,Main Bank,Local Merchant,India
TXN001117,2026-04-23,Course,Education,Course,Expense,4547.36,UPI,Main Bank,Local Merchant,India
TXN001118,2026-04-24,Canteen,Food,Canteen,Expense,390.44,Cash,Main Bank,Local Merchant,India
TXN001119,2026-04-25,Food Delivery,Food,Food Delivery,Expense,398.0,Net Banking,Main Bank,Local Merchant,India
TXN001120,2026-04-26,Groceries,Food,Groceries,Expense,355.92,UPI,Main Bank,Local Merchant,India
TXN001121,2026-04-26,Taxi,Travel,Taxi,Expense,527.66,Debit Card,Main Bank,Local Merchant,India
TXN001122,2026-04-27,Canteen,Food,Canteen,Expense,379.35,UPI,Main Bank,Local Merchant,India
TXN001123,2026-04-28,Groceries,Food,Groceries,Expense,370.17,Cash,Credit Card,Local Merchant,India
TXN001124,2026-04-29,Canteen,Food,Canteen,Expense,779.43,UPI,Main Bank,Local Merchant,India
TXN001125,2026-04-29,Bus,Travel,Bus,Expense,607.15,Credit Card,Main Bank,Local Merchant,India
TXN001126,2026-04-29,Exam Fees,Education,Exam Fees,Expense,3449.79,UPI,Main Bank,Local Merchant,India
TXN001127,2026-04-30,Groceries,Food,Groceries,Expense,386.78,Cash,Main Bank,Local Merchant,India
TXN001128,2026-05-01,Monthly Salary,Salary,Monthly Salary,Income,60867.21,Net Banking,Main Bank,Employer,India
TXN001129,2026-05-01,Food Delivery,Food,Food Delivery,Expense,232.38,Debit Card,Main Bank,Local Merchant,India
TXN001130,2026-05-01,Taxi,Travel,Taxi,Expense,515.91,UPI,Savings Account,Local Merchant,India
TXN001131,2026-05-02,Monthly Rent,Rent,Monthly Rent,Expense,17055.04,Net Banking,Main Bank,Landlord,India
TXN001132,2026-05-02,Food Delivery,Food,Food Delivery,Expense,486.9,Credit Card,Savings Account,Local Merchant,India
TXN001133,2026-05-03,Restaurant,Food,Restaurant,Expense,760.85,UPI,Main Bank,Local Merchant,India
TXN001134,2026-05-03,Fuel,Travel,Fuel,Expense,471.03,Net Banking,Main Bank,Local Merchant,India
TXN001135,2026-05-04,Groceries,Food,Groceries,Expense,69.96,Net Banking,Main Bank,Local Merchant,India
TXN001136,2026-05-04,Food Delivery,Food,Food Delivery,Expense,586.72,Credit Card,Cash,Local Merchant,India
TXN001137,2026-05-05,Internet,Utilities,Internet,Expense,2190.49,Net Banking,Main Bank,Service Provider,India
TXN001138,2026-05-05,Canteen,Food,Canteen,Expense,521.26,UPI,Main Bank,Local Merchant,India
TXN001139,2026-05-06,Restaurant,Food,Restaurant,Expense,577.46,Net Banking,Main Bank,Local Merchant,India
TXN001140,2026-05-06,Groceries,Food,Groceries,Expense,422.92,Net Banking,Main Bank,Local Merchant,India
TXN001141,2026-05-06,Taxi,Travel,Taxi,Expense,767.64,UPI,Main Bank,Local Merchant,India
TXN001142,2026-05-07,Food Delivery,Food,Food Delivery,Expense,226.54,Cash,Credit Card,Local Merchant,India
TXN001143,2026-05-07,Taxi,Travel,Taxi,Expense,739.28,Net Banking,Main Bank,Local Merchant,India
TXN001144,2026-05-08,Restaurant,Food,Restaurant,Expense,721.31,Debit Card,Main Bank,Local Merchant,India
TXN001145,2026-05-09,Canteen,Food,Canteen,Expense,174.07,UPI,Credit Card,Local Merchant,India
TXN001146,2026-05-09,Cosmetics,Personal Care,Cosmetics,Expense,1847.52,UPI,Cash,Local Merchant,India
TXN001147,2026-05-10,Restaurant,Food,Restaurant,Expense,730.24,UPI,Credit Card,Local Merchant,India
TXN001148,2026-05-10,Fuel,Travel,Fuel,Expense,176.48,Cash,Main Bank,Local Merchant,India
TXN001149,2026-05-10,Salon,Personal Care,Salon,Expense,1234.25,Cash,Main Bank,Local Merchant,India
TXN001150,2026-05-11,Restaurant,Food,Restaurant,Expense,389.28,Net Banking,Cash,Local Merchant,India
TXN001151,2026-05-11,Fuel,Travel,Fuel,Expense,741.27,Net Banking,Main Bank,Local Merchant,India
TXN001152,2026-05-12,Food Delivery,Food,Food Delivery,Expense,562.0,Debit Card,Main Bank,Local Merchant,India
TXN001153,2026-05-12,Bus,Travel,Bus,Expense,361.86,Cash,Main Bank,Local Merchant,India
TXN001154,2026-05-13,Food Delivery,Food,Food Delivery,Expense,55.13,Cash,Savings Account,Local Merchant,India
TXN001155,2026-05-13,Restaurant,Food,Restaurant,Expense,565.01,UPI,Savings Account,Local Merchant,India
TXN001156,2026-05-13,Taxi,Travel,Taxi,Expense,689.96,Net Banking,Main Bank,Local Merchant,India
TXN001157,2026-05-14,Canteen,Food,Canteen,Expense,480.07,UPI,Main Bank,Local Merchant,India
TXN001158,2026-05-14,Canteen,Food,Canteen,Expense,181.09,Net Banking,Savings Account,Local Merchant,India
TXN001159,2026-05-14,Fuel,Travel,Fuel,Expense,704.28,UPI,Main Bank,Local Merchant,India
TXN001160,2026-05-15,Food Delivery,Food,Food Delivery,Expense,643.52,Credit Card,Main Bank,Local Merchant,India
TXN001161,2026-05-15,Restaurant,Food,Restaurant,Expense,159.57,Net Banking,Main Bank,Local Merchant,India
TXN001162,2026-05-16,Restaurant,Food,Restaurant,Expense,62.68,Net Banking,Main Bank,Local Merchant,India
TXN001163,2026-05-16,Restaurant,Food,Restaurant,Expense,55.28,Net Banking,Main Bank,Local Merchant,India
TXN001164,2026-05-16,Bus,Travel,Bus,Expense,773.4,Net Banking,Main Bank,Local Merchant,India
TXN001165,2026-05-17,Groceries,Food,Groceries,Expense,773.26,UPI,Main Bank,Local Merchant,India
TXN001166,2026-05-17,Fuel,Travel,Fuel,Expense,631.93,UPI,Main Bank,Local Merchant,India
TXN001167,2026-05-18,Restaurant,Food,Restaurant,Expense,435.92,Net Banking,Credit Card,Local Merchant,India
TXN001168,2026-05-18,Taxi,Travel,Taxi,Expense,246.74,UPI,Main Bank,Local Merchant,India
TXN001169,2026-05-19,Food Delivery,Food,Food Delivery,Expense,422.56,Net Banking,Main Bank,Local Merchant,India
TXN001170,2026-05-19,Food Delivery,Food,Food Delivery,Expense,508.36,Net Banking,Main Bank,Local Merchant,India
TXN001171,2026-05-20,Canteen,Food,Canteen,Expense,274.91,UPI,Main Bank,Local Merchant,India
TXN001172,2026-05-20,Food Delivery,Food,Food Delivery,Expense,374.05,Net Banking,Main Bank,Local Merchant,India
TXN001173,2026-05-21,Restaurant,Food,Restaurant,Expense,363.04,UPI,Main Bank,Local Merchant,India
TXN001174,2026-05-21,Train,Travel,Train,Expense,243.4,UPI,Main Bank,Local Merchant,India
TXN001175,2026-05-22,Groceries,Food,Groceries,Expense,769.31,UPI,Savings Account,Local Merchant,India
TXN001176,2026-05-22,Canteen,Food,Canteen,Expense,355.08,Net Banking,Main Bank,Local Merchant,India
TXN001177,2026-05-22,Fuel,Travel,Fuel,Expense,516.73,UPI,Main Bank,Local Merchant,India
TXN001178,2026-05-23,Groceries,Food,Groceries,Expense,159.14,Net Banking,Main Bank,Local Merchant,India
TXN001179,2026-05-23,Food Delivery,Food,Food Delivery,Expense,659.86,Debit Card,Main Bank,Local Merchant,India
TXN001180,2026-05-23,Fuel,Travel,Fuel,Expense,83.37,Debit Card,Main Bank,Local Merchant,India
TXN001181,2026-05-23,Dividend,Investment,Dividend,Income,2695.55,UPI,Main Bank,Investment Source,India
TXN001182,2026-05-24,Groceries,Food,Groceries,Expense,796.73,Cash,Main Bank,Local Merchant,India
TXN001183,2026-05-24,Restaurant,Food,Restaurant,Expense,268.25,Net Banking,Credit Card,Local Merchant,India
TXN001184,2026-05-24,Train,Travel,Train,Expense,481.4,Cash,Main Bank,Local Merchant,India
TXN001185,2026-05-25,Restaurant,Food,Restaurant,Expense,301.56,Net Banking,Main Bank,Local Merchant,India
TXN001186,2026-05-25,Canteen,Food,Canteen,Expense,527.81,Net Banking,Main Bank,Local Merchant,India
TXN001187,2026-05-25,Bus,Travel,Bus,Expense,509.67,UPI,Savings Account,Local Merchant,India
TXN001188,2026-05-26,Groceries,Food,Groceries,Expense,744.94,Net Banking,Main Bank,Local Merchant,India
TXN001189,2026-05-26,Restaurant,Food,Restaurant,Expense,336.54,UPI,Cash,Local Merchant,India
TXN001190,2026-05-26,Fuel,Travel,Fuel,Expense,481.07,UPI,Credit Card,Local Merchant,India
TXN001191,2026-05-27,Groceries,Food,Groceries,Expense,588.17,Net Banking,Savings Account,Local Merchant,India
TXN001192,2026-05-28,Groceries,Food,Groceries,Expense,236.22,Net Banking,Main Bank,Local Merchant,India
TXN001193,2026-05-28,Food Delivery,Food,Food Delivery,Expense,797.0,Net Banking,Cash,Local Merchant,India
TXN001194,2026-05-28,Clothing,Shopping,Clothing,Expense,392.36,Net Banking,Credit Card,Local Merchant,India
TXN001195,2026-05-29,Food Delivery,Food,Food Delivery,Expense,55.32,Credit Card,Cash,Local Merchant,India
TXN001196,2026-05-29,Restaurant,Food,Restaurant,Expense,785.2,Credit Card,Savings Account,Local Merchant,India
TXN001197,2026-05-29,Bus,Travel,Bus,Expense,509.36,UPI,Main Bank,Local Merchant,India
TXN001198,2026-05-30,Canteen,Food,Canteen,Expense,760.36,UPI,Savings Account,Local Merchant,India
TXN001199,2026-05-30,Bus,Travel,Bus,Expense,547.71,Credit Card,Main Bank,Local Merchant,India
TXN001200,2026-05-31,Food Delivery,Food,Food Delivery,Expense,456.52,Net Banking,Main Bank,Local Merchant,India
TXN001201,2026-05-31,Groceries,Food,Groceries,Expense,764.2,UPI,Main Bank,Local Merchant,India
TXN001202,2026-05-31,Bus,Travel,Bus,Expense,240.63,UPI,Credit Card,Local Merchant,India
TXN001203,2026-06-01,Monthly Salary,Salary,Monthly Salary,Income,53637.28,Net Banking,Main Bank,Employer,India
TXN001204,2026-06-01,Restaurant,Food,Restaurant,Expense,576.02,UPI,Main Bank,Local Merchant,India
TXN001205,2026-06-01,Train,Travel,Train,Expense,40.23,Cash,Main Bank,Local Merchant,India
TXN001206,2026-06-02,Monthly Rent,Rent,Monthly Rent,Expense,17475.48,Net Banking,Main Bank,Landlord,India
TXN001207,2026-06-02,Groceries,Food,Groceries,Expense,623.86,Cash,Main Bank,Local Merchant,India
TXN001208,2026-06-02,Groceries,Food,Groceries,Expense,452.39,Net Banking,Main Bank,Local Merchant,India
TXN001209,2026-06-03,Groceries,Food,Groceries,Expense,488.7,UPI,Main Bank,Local Merchant,India
TXN001210,2026-06-03,Restaurant,Food,Restaurant,Expense,663.37,Net Banking,Main Bank,Local Merchant,India
TXN001211,2026-06-03,Train,Travel,Train,Expense,697.17,Cash,Savings Account,Local Merchant,India
TXN001212,2026-06-04,Groceries,Food,Groceries,Expense,50.47,Net Banking,Credit Card,Local Merchant,India
TXN001213,2026-06-04,Doctor,Healthcare,Doctor,Expense,276.42,Debit Card,Credit Card,Local Merchant,India
TXN001214,2026-06-05,Mobile,Utilities,Mobile,Expense,1084.23,Credit Card,Main Bank,Service Provider,India
TXN001215,2026-06-05,Food Delivery,Food,Food Delivery,Expense,585.25,Net Banking,Main Bank,Local Merchant,India
TXN001216,2026-06-05,Canteen,Food,Canteen,Expense,363.41,UPI,Main Bank,Local Merchant,India
TXN001217,2026-06-05,Train,Travel,Train,Expense,569.27,Net Banking,Main Bank,Local Merchant,India
TXN001218,2026-06-06,Canteen,Food,Canteen,Expense,435.14,Net Banking,Main Bank,Local Merchant,India
TXN001219,2026-06-06,Taxi,Travel,Taxi,Expense,643.58,UPI,Cash,Local Merchant,India
TXN001220,2026-06-07,Restaurant,Food,Restaurant,Expense,490.93,Net Banking,Savings Account,Local Merchant,India
TXN001221,2026-06-07,Canteen,Food,Canteen,Expense,228.75,Net Banking,Main Bank,Local Merchant,India
TXN001222,2026-06-07,Fuel,Travel,Fuel,Expense,783.31,Net Banking,Main Bank,Local Merchant,India
TXN001223,2026-06-08,Canteen,Food,Canteen,Expense,207.84,Credit Card,Cash,Local Merchant,India
TXN001224,2026-06-08,Food Delivery,Food,Food Delivery,Expense,463.78,UPI,Main Bank,Local Merchant,India
TXN001225,2026-06-09,Restaurant,Food,Restaurant,Expense,393.32,Net Banking,Main Bank,Local Merchant,India
TXN001226,2026-06-09,Doctor,Healthcare,Doctor,Expense,1573.23,Net Banking,Credit Card,Local Merchant,India
TXN001227,2026-06-10,Canteen,Food,Canteen,Expense,396.96,Net Banking,Savings Account,Local Merchant,India
TXN001228,2026-06-10,Taxi,Travel,Taxi,Expense,586.47,UPI,Credit Card,Local Merchant,India
TXN001229,2026-06-11,Food Delivery,Food,Food Delivery,Expense,111.45,UPI,Credit Card,Local Merchant,India
TXN001230,2026-06-11,Restaurant,Food,Restaurant,Expense,601.07,UPI,Main Bank,Local Merchant,India
TXN001231,2026-06-11,Bus,Travel,Bus,Expense,570.85,Credit Card,Credit Card,Local Merchant,India
TXN001232,2026-06-12,Restaurant,Food,Restaurant,Expense,135.23,UPI,Credit Card,Local Merchant,India
TXN001233,2026-06-13,Canteen,Food,Canteen,Expense,163.45,UPI,Main Bank,Local Merchant,India
TXN001234,2026-06-14,Food Delivery,Food,Food Delivery,Expense,126.75,UPI,Credit Card,Local Merchant,India
TXN001235,2026-06-14,Canteen,Food,Canteen,Expense,687.1,Cash,Main Bank,Local Merchant,India
TXN001236,2026-06-15,Canteen,Food,Canteen,Expense,121.44,UPI,Main Bank,Local Merchant,India
TXN001237,2026-06-15,Groceries,Food,Groceries,Expense,759.64,Debit Card,Main Bank,Local Merchant,India
TXN001238,2026-06-15,Train,Travel,Train,Expense,419.12,Credit Card,Main Bank,Local Merchant,India
TXN001239,2026-06-16,Restaurant,Food,Restaurant,Expense,420.11,Net Banking,Main Bank,Local Merchant,India
TXN001240,2026-06-16,Canteen,Food,Canteen,Expense,329.23,UPI,Main Bank,Local Merchant,India
TXN001241,2026-06-16,Taxi,Travel,Taxi,Expense,466.22,Debit Card,Main Bank,Local Merchant,India
TXN001242,2026-06-17,Canteen,Food,Canteen,Expense,169.65,Net Banking,Main Bank,Local Merchant,India
TXN001243,2026-06-18,Canteen,Food,Canteen,Expense,430.81,Cash,Main Bank,Local Merchant,India
TXN001244,2026-06-18,Train,Travel,Train,Expense,648.08,Net Banking,Main Bank,Local Merchant,India
TXN001245,2026-06-19,Food Delivery,Food,Food Delivery,Expense,532.1,Net Banking,Credit Card,Local Merchant,India
TXN001246,2026-06-20,Food Delivery,Food,Food Delivery,Expense,206.98,UPI,Savings Account,Local Merchant,India
TXN001247,2026-06-20,Canteen,Food,Canteen,Expense,720.51,Cash,Main Bank,Local Merchant,India
TXN001248,2026-06-21,Restaurant,Food,Restaurant,Expense,641.71,Credit Card,Cash,Local Merchant,India
TXN001249,2026-06-21,Groceries,Food,Groceries,Expense,350.73,UPI,Savings Account,Local Merchant,India
TXN001250,2026-06-22,Restaurant,Food,Restaurant,Expense,163.56,Net Banking,Savings Account,Local Merchant,India
TXN001251,2026-06-22,Train,Travel,Train,Expense,322.05,UPI,Main Bank,Local Merchant,India
TXN001252,2026-06-23,Food Delivery,Food,Food Delivery,Expense,427.38,Cash,Main Bank,Local Merchant,India
TXN001253,2026-06-23,Food Delivery,Food,Food Delivery,Expense,180.87,UPI,Cash,Local Merchant,India
TXN001254,2026-06-24,Canteen,Food,Canteen,Expense,739.84,UPI,Main Bank,Local Merchant,India
TXN001255,2026-06-25,Groceries,Food,Groceries,Expense,648.07,Net Banking,Main Bank,Local Merchant,India
TXN001256,2026-06-25,Canteen,Food,Canteen,Expense,718.9,UPI,Main Bank,Local Merchant,India
TXN001257,2026-06-25,Fuel,Travel,Fuel,Expense,453.41,Debit Card,Savings Account,Local Merchant,India
TXN001258,2026-06-26,Canteen,Food,Canteen,Expense,688.65,UPI,Credit Card,Local Merchant,India
TXN001259,2026-06-26,Canteen,Food,Canteen,Expense,727.27,UPI,Cash,Local Merchant,India
TXN001260,2026-06-26,Fuel,Travel,Fuel,Expense,521.43,UPI,Credit Card,Local Merchant,India
TXN001261,2026-06-26,Gaming,Entertainment,Gaming,Expense,2411.71,Net Banking,Main Bank,Local Merchant,India
TXN001262,2026-06-27,Food Delivery,Food,Food Delivery,Expense,455.9,Net Banking,Main Bank,Local Merchant,India
TXN001263,2026-06-27,Groceries,Food,Groceries,Expense,585.21,UPI,Main Bank,Local Merchant,India
TXN001264,2026-06-28,Groceries,Food,Groceries,Expense,157.09,UPI,Credit Card,Local Merchant,India
TXN001265,2026-06-28,Groceries,Food,Groceries,Expense,794.47,Credit Card,Main Bank,Local Merchant,India
TXN001266,2026-06-29,Canteen,Food,Canteen,Expense,577.4,UPI,Main Bank,Local Merchant,India
TXN001267,2026-06-29,Restaurant,Food,Restaurant,Expense,336.77,UPI,Main Bank,Local Merchant,India
TXN001268,2026-06-29,Fuel,Travel,Fuel,Expense,492.84,Net Banking,Cash,Local Merchant,India
TXN001269,2026-06-30,Groceries,Food,Groceries,Expense,306.64,UPI,Main Bank,Local Merchant,India
TXN001270,2026-06-30,Bus,Travel,Bus,Expense,52.56,Debit Card,Main Bank,Local Merchant,India
TXN001271,2026-07-01,Monthly Salary,Salary,Monthly Salary,Income,54425.99,Net Banking,Main Bank,Employer,India
TXN001272,2026-07-01,Restaurant,Food,Restaurant,Expense,89.53,UPI,Savings Account,Local Merchant,India
TXN001273,2026-07-01,Restaurant,Food,Restaurant,Expense,250.44,UPI,Main Bank,Local Merchant,India
TXN001274,2026-07-01,Bus,Travel,Bus,Expense,176.25,Cash,Main Bank,Local Merchant,India
TXN001275,2026-07-02,Monthly Rent,Rent,Monthly Rent,Expense,17207.77,Net Banking,Main Bank,Landlord,India
TXN001276,2026-07-02,Canteen,Food,Canteen,Expense,363.28,UPI,Main Bank,Local Merchant,India
TXN001277,2026-07-03,Canteen,Food,Canteen,Expense,438.65,UPI,Main Bank,Local Merchant,India
TXN001278,2026-07-04,Restaurant,Food,Restaurant,Expense,758.76,Credit Card,Main Bank,Local Merchant,India
TXN001279,2026-07-04,Bus,Travel,Bus,Expense,447.03,Debit Card,Main Bank,Local Merchant,India
TXN001280,2026-07-05,Gas,Utilities,Gas,Expense,1759.3,Net Banking,Main Bank,Service Provider,India
TXN001281,2026-07-05,Groceries,Food,Groceries,Expense,303.78,Net Banking,Credit Card,Local Merchant,India
TXN001282,2026-07-05,Canteen,Food,Canteen,Expense,444.33,Net Banking,Main Bank,Local Merchant,India
TXN001283,2026-07-05,Clothing,Shopping,Clothing,Expense,2791.25,UPI,Main Bank,Local Merchant,India
TXN001284,2026-07-06,Food Delivery,Food,Food Delivery,Expense,467.94,Net Banking,Main Bank,Local Merchant,India
TXN001285,2026-07-06,Restaurant,Food,Restaurant,Expense,370.09,Debit Card,Savings Account,Local Merchant,India
TXN001286,2026-07-07,Restaurant,Food,Restaurant,Expense,686.78,UPI,Credit Card,Local Merchant,India
TXN001287,2026-07-07,Groceries,Food,Groceries,Expense,563.16,Net Banking,Main Bank,Local Merchant,India
TXN001288,2026-07-07,Grooming,Personal Care,Grooming,Expense,944.72,UPI,Savings Account,Local Merchant,India
TXN001289,2026-07-08,Food Delivery,Food,Food Delivery,Expense,192.14,UPI,Main Bank,Local Merchant,India
TXN001290,2026-07-08,Food Delivery,Food,Food Delivery,Expense,339.16,Net Banking,Savings Account,Local Merchant,India
TXN001291,2026-07-08,Train,Travel,Train,Expense,713.33,UPI,Main Bank,Local Merchant,India
TXN001292,2026-07-09,Restaurant,Food,Restaurant,Expense,340.43,Net Banking,Main Bank,Local Merchant,India
TXN001293,2026-07-09,Taxi,Travel,Taxi,Expense,754.78,Net Banking,Main Bank,Local Merchant,India
TXN001294,2026-07-10,Canteen,Food,Canteen,Expense,136.06,UPI,Main Bank,Local Merchant,India
TXN001295,2026-07-10,Fuel,Travel,Fuel,Expense,224.35,Credit Card,Main Bank,Local Merchant,India
TXN001296,2026-07-11,Food Delivery,Food,Food Delivery,Expense,373.24,UPI,Main Bank,Local Merchant,India
TXN001297,2026-07-11,Restaurant,Food,Restaurant,Expense,797.64,UPI,Main Bank,Local Merchant,India
TXN001298,2026-07-12,Canteen,Food,Canteen,Expense,80.81,UPI,Main Bank,Local Merchant,India
TXN001299,2026-07-13,Food Delivery,Food,Food Delivery,Expense,91.52,Cash,Main Bank,Local Merchant,India
TXN001300,2026-07-13,Canteen,Food,Canteen,Expense,759.95,Net Banking,Main Bank,Local Merchant,India
TXN001301,2026-07-13,Train,Travel,Train,Expense,776.09,Net Banking,Credit Card,Local Merchant,India
TXN001302,2026-07-14,Food Delivery,Food,Food Delivery,Expense,145.15,Debit Card,Main Bank,Local Merchant,India
TXN001303,2026-07-14,Canteen,Food,Canteen,Expense,354.36,Net Banking,Main Bank,Local Merchant,India
TXN001304,2026-07-14,Fuel,Travel,Fuel,Expense,325.38,UPI,Savings Account,Local Merchant,India
TXN001305,2026-07-15,Canteen,Food,Canteen,Expense,213.27,Net Banking,Main Bank,Local Merchant,India
TXN001306,2026-07-15,Food Delivery,Food,Food Delivery,Expense,358.5,UPI,Main Bank,Local Merchant,India
TXN001307,2026-07-16,Canteen,Food,Canteen,Expense,76.97,Credit Card,Main Bank,Local Merchant,India
TXN001308,2026-07-16,Food Delivery,Food,Food Delivery,Expense,736.35,Net Banking,Savings Account,Local Merchant,India
TXN001309,2026-07-16,Fuel,Travel,Fuel,Expense,703.06,UPI,Main Bank,Local Merchant,India
TXN001310,2026-07-17,Restaurant,Food,Restaurant,Expense,207.06,Cash,Savings Account,Local Merchant,India
TXN001311,2026-07-18,Groceries,Food,Groceries,Expense,730.81,Net Banking,Savings Account,Local Merchant,India
TXN001312,2026-07-18,Fuel,Travel,Fuel,Expense,678.04,Debit Card,Credit Card,Local Merchant,India
TXN001313,2026-07-18,Web Project,Freelance,Web Project,Income,13415.6,Cash,Main Bank,Freelance Client,India
TXN001314,2026-07-19,Canteen,Food,Canteen,Expense,517.56,Net Banking,Main Bank,Local Merchant,India
TXN001315,2026-07-19,Groceries,Food,Groceries,Expense,251.45,Cash,Main Bank,Local Merchant,India
TXN001316,2026-07-19,Taxi,Travel,Taxi,Expense,215.32,Net Banking,Savings Account,Local Merchant,India
TXN001317,2026-07-20,Food Delivery,Food,Food Delivery,Expense,244.03,UPI,Main Bank,Local Merchant,India
TXN001318,2026-07-20,Train,Travel,Train,Expense,611.3,Net Banking,Main Bank,Local Merchant,India
TXN001319,2026-07-21,Restaurant,Food,Restaurant,Expense,166.13,UPI,Savings Account,Local Merchant,India
TXN001320,2026-07-21,Bus,Travel,Bus,Expense,292.68,Net Banking,Main Bank,Local Merchant,India
TXN001321,2026-07-22,Groceries,Food,Groceries,Expense,781.08,Net Banking,Main Bank,Local Merchant,India
TXN001322,2026-07-22,Fuel,Travel,Fuel,Expense,468.07,Net Banking,Credit Card,Local Merchant,India
TXN001323,2026-07-23,Restaurant,Food,Restaurant,Expense,357.73,Cash,Main Bank,Local Merchant,India
TXN001324,2026-07-23,Restaurant,Food,Restaurant,Expense,237.42,UPI,Main Bank,Local Merchant,India
TXN001325,2026-07-24,Food Delivery,Food,Food Delivery,Expense,731.8,UPI,Savings Account,Local Merchant,India
TXN001326,2026-07-25,Food Delivery,Food,Food Delivery,Expense,209.21,Cash,Main Bank,Local Merchant,India
TXN001327,2026-07-25,Fuel,Travel,Fuel,Expense,443.38,Net Banking,Main Bank,Local Merchant,India
TXN001328,2026-07-26,Groceries,Food,Groceries,Expense,77.26,UPI,Savings Account,Local Merchant,India
TXN001329,2026-07-26,Bus,Travel,Bus,Expense,355.48,UPI,Main Bank,Local Merchant,India
TXN001330,2026-07-27,Restaurant,Food,Restaurant,Expense,625.38,Net Banking,Main Bank,Local Merchant,India
TXN001331,2026-07-27,Fuel,Travel,Fuel,Expense,458.02,Credit Card,Main Bank,Local Merchant,India
TXN001332,2026-07-28,Groceries,Food,Groceries,Expense,529.53,UPI,Credit Card,Local Merchant,India
TXN001333,2026-07-28,Canteen,Food,Canteen,Expense,241.9,UPI,Savings Account,Local Merchant,India
TXN001334,2026-07-28,Taxi,Travel,Taxi,Expense,410.84,Net Banking,Main Bank,Local Merchant,India
TXN001335,2026-07-29,Restaurant,Food,Restaurant,Expense,564.28,Net Banking,Main Bank,Local Merchant,India
TXN001336,2026-07-29,Restaurant,Food,Restaurant,Expense,378.52,UPI,Main Bank,Local Merchant,India
TXN001337,2026-07-29,Taxi,Travel,Taxi,Expense,223.42,UPI,Main Bank,Local Merchant,India
TXN001338,2026-07-30,Canteen,Food,Canteen,Expense,310.04,Net Banking,Cash,Local Merchant,India
TXN001339,2026-07-31,Groceries,Food,Groceries,Expense,147.74,UPI,Cash,Local Merchant,India
TXN001340,2026-07-31,Groceries,Food,Groceries,Expense,81.23,Net Banking,Main Bank,Local Merchant,India
TXN001341,2026-08-01,Monthly Salary,Salary,Monthly Salary,Income,57833.86,Net Banking,Main Bank,Employer,India
TXN001342,2026-08-01,Food Delivery,Food,Food Delivery,Expense,245.77,Net Banking,Savings Account,Local Merchant,India
TXN001343,2026-08-01,Canteen,Food,Canteen,Expense,282.03,Credit Card,Main Bank,Local Merchant,India
TXN001344,2026-08-01,Fuel,Travel,Fuel,Expense,554.93,UPI,Savings Account,Local Merchant,India
TXN001345,2026-08-02,Monthly Rent,Rent,Monthly Rent,Expense,14268.38,Net Banking,Main Bank,Landlord,India
TXN001346,2026-08-02,Food Delivery,Food,Food Delivery,Expense,411.72,Net Banking,Main Bank,Local Merchant,India
TXN001347,2026-08-02,Groceries,Food,Groceries,Expense,656.64,UPI,Main Bank,Local Merchant,India
TXN001348,2026-08-03,Restaurant,Food,Restaurant,Expense,663.47,Net Banking,Main Bank,Local Merchant,India
TXN001349,2026-08-03,Food Delivery,Food,Food Delivery,Expense,220.49,UPI,Main Bank,Local Merchant,India
TXN001350,2026-08-03,Train,Travel,Train,Expense,664.28,Net Banking,Main Bank,Local Merchant,India
TXN001351,2026-08-04,Food Delivery,Food,Food Delivery,Expense,268.4,Net Banking,Main Bank,Local Merchant,India
TXN001352,2026-08-05,Internet,Utilities,Internet,Expense,2466.46,UPI,Main Bank,Service Provider,India
TXN001353,2026-08-05,Groceries,Food,Groceries,Expense,693.32,Cash,Main Bank,Local Merchant,India
TXN001354,2026-08-05,Train,Travel,Train,Expense,295.34,UPI,Main Bank,Local Merchant,India
TXN001355,2026-08-05,Design Project,Freelance,Design Project,Income,4714.15,Net Banking,Savings Account,Freelance Client,India
TXN001356,2026-08-06,Groceries,Food,Groceries,Expense,690.1,Net Banking,Cash,Local Merchant,India
TXN001357,2026-08-06,Taxi,Travel,Taxi,Expense,794.48,UPI,Main Bank,Local Merchant,India
TXN001358,2026-08-07,Food Delivery,Food,Food Delivery,Expense,51.07,UPI,Cash,Local Merchant,India
TXN001359,2026-08-07,Taxi,Travel,Taxi,Expense,388.21,UPI,Main Bank,Local Merchant,India
TXN001360,2026-08-08,Groceries,Food,Groceries,Expense,458.02,Debit Card,Main Bank,Local Merchant,India
TXN001361,2026-08-08,Groceries,Food,Groceries,Expense,710.97,UPI,Main Bank,Local Merchant,India
TXN001362,2026-08-09,Canteen,Food,Canteen,Expense,265.44,Net Banking,Main Bank,Local Merchant,India
TXN001363,2026-08-09,Restaurant,Food,Restaurant,Expense,491.11,UPI,Main Bank,Local Merchant,India
TXN001364,2026-08-09,Taxi,Travel,Taxi,Expense,273.27,Net Banking,Cash,Local Merchant,India
TXN001365,2026-08-10,Groceries,Food,Groceries,Expense,462.91,Net Banking,Main Bank,Local Merchant,India
TXN001366,2026-08-10,Groceries,Food,Groceries,Expense,129.91,Credit Card,Main Bank,Local Merchant,India
TXN001367,2026-08-10,Taxi,Travel,Taxi,Expense,270.89,UPI,Main Bank,Local Merchant,India
TXN001368,2026-08-10,Electronics,Shopping,Electronics,Expense,2016.57,Cash,Savings Account,Local Merchant,India
TXN001369,2026-08-11,Restaurant,Food,Restaurant,Expense,668.2,Debit Card,Main Bank,Local Merchant,India
TXN001370,2026-08-11,Taxi,Travel,Taxi,Expense,39.87,Net Banking,Main Bank,Local Merchant,India
TXN001371,2026-08-12,Restaurant,Food,Restaurant,Expense,694.63,Net Banking,Main Bank,Local Merchant,India
TXN001372,2026-08-12,Restaurant,Food,Restaurant,Expense,749.1,Net Banking,Savings Account,Local Merchant,India
TXN001373,2026-08-12,Train,Travel,Train,Expense,181.88,UPI,Savings Account,Local Merchant,India
TXN001374,2026-08-13,Canteen,Food,Canteen,Expense,433.64,Net Banking,Credit Card,Local Merchant,India
TXN001375,2026-08-13,Taxi,Travel,Taxi,Expense,111.69,Credit Card,Main Bank,Local Merchant,India
TXN001376,2026-08-14,Restaurant,Food,Restaurant,Expense,608.93,Cash,Main Bank,Local Merchant,India
TXN001377,2026-08-14,Canteen,Food,Canteen,Expense,362.21,UPI,Main Bank,Local Merchant,India
TXN001378,2026-08-14,Train,Travel,Train,Expense,362.58,UPI,Savings Account,Local Merchant,India
TXN001379,2026-08-15,Canteen,Food,Canteen,Expense,601.61,Net Banking,Main Bank,Local Merchant,India
TXN001380,2026-08-15,Fuel,Travel,Fuel,Expense,729.93,Net Banking,Main Bank,Local Merchant,India
TXN001381,2026-08-16,Groceries,Food,Groceries,Expense,184.74,Debit Card,Credit Card,Local Merchant,India
TXN001382,2026-08-16,Bus,Travel,Bus,Expense,594.29,UPI,Main Bank,Local Merchant,India
TXN001383,2026-08-17,Food Delivery,Food,Food Delivery,Expense,414.22,Net Banking,Main Bank,Local Merchant,India
TXN001384,2026-08-17,Groceries,Food,Groceries,Expense,204.42,UPI,Main Bank,Local Merchant,India
TXN001385,2026-08-18,Groceries,Food,Groceries,Expense,162.05,Cash,Main Bank,Local Merchant,India
TXN001386,2026-08-19,Groceries,Food,Groceries,Expense,722.18,Net Banking,Main Bank,Local Merchant,India
TXN001387,2026-08-19,Food Delivery,Food,Food Delivery,Expense,447.04,Cash,Savings Account,Local Merchant,India
TXN001388,2026-08-20,Canteen,Food,Canteen,Expense,317.2,UPI,Cash,Local Merchant,India
TXN001389,2026-08-20,Groceries,Food,Groceries,Expense,412.3,UPI,Credit Card,Local Merchant,India
TXN001390,2026-08-20,Taxi,Travel,Taxi,Expense,529.31,UPI,Savings Account,Local Merchant,India
TXN001391,2026-08-21,Canteen,Food,Canteen,Expense,659.13,Net Banking,Main Bank,Local Merchant,India
TXN001392,2026-08-21,Food Delivery,Food,Food Delivery,Expense,474.42,Debit Card,Main Bank,Local Merchant,India
TXN001393,2026-08-21,Fuel,Travel,Fuel,Expense,246.98,Net Banking,Cash,Local Merchant,India
TXN001394,2026-08-22,Canteen,Food,Canteen,Expense,90.09,UPI,Main Bank,Local Merchant,India
TXN001395,2026-08-22,Food Delivery,Food,Food Delivery,Expense,624.73,Cash,Main Bank,Local Merchant,India
TXN001396,2026-08-23,Canteen,Food,Canteen,Expense,474.74,Net Banking,Main Bank,Local Merchant,India
TXN001397,2026-08-23,Groceries,Food,Groceries,Expense,583.17,Net Banking,Savings Account,Local Merchant,India
TXN001398,2026-08-23,Taxi,Travel,Taxi,Expense,374.01,UPI,Cash,Local Merchant,India
TXN001399,2026-08-24,Groceries,Food,Groceries,Expense,576.97,Net Banking,Main Bank,Local Merchant,India
TXN001400,2026-08-24,Taxi,Travel,Taxi,Expense,748.47,Net Banking,Main Bank,Local Merchant,India
TXN001401,2026-08-25,Restaurant,Food,Restaurant,Expense,360.75,UPI,Main Bank,Local Merchant,India
TXN001402,2026-08-25,Train,Travel,Train,Expense,348.27,Cash,Main Bank,Local Merchant,India
TXN001403,2026-08-26,Food Delivery,Food,Food Delivery,Expense,79.11,UPI,Main Bank,Local Merchant,India
TXN001404,2026-08-26,Food Delivery,Food,Food Delivery,Expense,314.52,UPI,Main Bank,Local Merchant,India
TXN001405,2026-08-26,Grooming,Personal Care,Grooming,Expense,255.92,Net Banking,Main Bank,Local Merchant,India
TXN001406,2026-08-27,Restaurant,Food,Restaurant,Expense,746.38,Debit Card,Savings Account,Local Merchant,India
TXN001407,2026-08-27,Canteen,Food,Canteen,Expense,579.32,Net Banking,Main Bank,Local Merchant,India
TXN001408,2026-08-28,Groceries,Food,Groceries,Expense,340.39,UPI,Cash,Local Merchant,India
TXN001409,2026-08-28,Train,Travel,Train,Expense,190.34,UPI,Cash,Local Merchant,India
TXN001410,2026-08-29,Canteen,Food,Canteen,Expense,699.23,UPI,Main Bank,Local Merchant,India
TXN001411,2026-08-29,Fuel,Travel,Fuel,Expense,205.69,Net Banking,Main Bank,Local Merchant,India
TXN001412,2026-08-30,Groceries,Food,Groceries,Expense,107.23,Net Banking,Main Bank,Local Merchant,India
TXN001413,2026-08-30,Taxi,Travel,Taxi,Expense,543.37,UPI,Main Bank,Local Merchant,India
TXN001414,2026-08-31,Restaurant,Food,Restaurant,Expense,248.73,UPI,Main Bank,Local Merchant,India
TXN001415,2026-08-31,Food Delivery,Food,Food Delivery,Expense,249.52,Debit Card,Main Bank,Local Merchant,India
TXN001416,2026-08-31,Train,Travel,Train,Expense,748.14,UPI,Savings Account,Local Merchant,India
TXN001417,2026-08-31,Clothing,Shopping,Clothing,Expense,2403.58,Net Banking,Main Bank,Local Merchant,India
TXN001418,2026-09-01,Monthly Salary,Salary,Monthly Salary,Income,53604.64,Net Banking,Main Bank,Employer,India
TXN001419,2026-09-01,Groceries,Food,Groceries,Expense,391.34,Debit Card,Main Bank,Local Merchant,India
TXN001420,2026-09-01,Groceries,Food,Groceries,Expense,757.48,Cash,Savings Account,Local Merchant,India
TXN001421,2026-09-02,Monthly Rent,Rent,Monthly Rent,Expense,12274.38,Net Banking,Main Bank,Landlord,India
TXN001422,2026-09-02,Restaurant,Food,Restaurant,Expense,166.13,UPI,Main Bank,Local Merchant,India
TXN001423,2026-09-02,Food Delivery,Food,Food Delivery,Expense,64.58,Net Banking,Main Bank,Local Merchant,India
TXN001424,2026-09-02,Miscellaneous,Others,Miscellaneous,Expense,1761.39,Debit Card,Main Bank,Local Merchant,India
TXN001425,2026-09-03,Canteen,Food,Canteen,Expense,395.05,UPI,Main Bank,Local Merchant,India
TXN001426,2026-09-03,Groceries,Food,Groceries,Expense,540.5,Debit Card,Main Bank,Local Merchant,India
TXN001427,2026-09-03,Fuel,Travel,Fuel,Expense,401.13,Net Banking,Main Bank,Local Merchant,India
TXN001428,2026-09-03,Books,Education,Books,Expense,4260.07,UPI,Main Bank,Local Merchant,India
TXN001429,2026-09-04,Food Delivery,Food,Food Delivery,Expense,201.05,Net Banking,Main Bank,Local Merchant,India
TXN001430,2026-09-04,Food Delivery,Food,Food Delivery,Expense,284.56,Cash,Savings Account,Local Merchant,India
TXN001431,2026-09-04,Bus,Travel,Bus,Expense,350.25,Net Banking,Credit Card,Local Merchant,India
TXN001432,2026-09-05,Gas,Utilities,Gas,Expense,2469.19,UPI,Main Bank,Service Provider,India
TXN001433,2026-09-05,Groceries,Food,Groceries,Expense,58.1,Net Banking,Main Bank,Local Merchant,India
TXN001434,2026-09-06,Restaurant,Food,Restaurant,Expense,111.82,Net Banking,Main Bank,Local Merchant,India
TXN001435,2026-09-06,Train,Travel,Train,Expense,757.74,UPI,Main Bank,Local Merchant,India
TXN001436,2026-09-07,Restaurant,Food,Restaurant,Expense,603.9,Net Banking,Main Bank,Local Merchant,India
TXN001437,2026-09-07,Canteen,Food,Canteen,Expense,602.19,Net Banking,Savings Account,Local Merchant,India
TXN001438,2026-09-07,Taxi,Travel,Taxi,Expense,233.91,Net Banking,Savings Account,Local Merchant,India
TXN001439,2026-09-08,Groceries,Food,Groceries,Expense,513.36,Net Banking,Main Bank,Local Merchant,India
TXN001440,2026-09-09,Canteen,Food,Canteen,Expense,438.74,Cash,Main Bank,Local Merchant,India
TXN001441,2026-09-09,Groceries,Food,Groceries,Expense,602.8,UPI,Cash,Local Merchant,India
TXN001442,2026-09-09,Taxi,Travel,Taxi,Expense,577.56,UPI,Cash,Local Merchant,India
TXN001443,2026-09-10,Groceries,Food,Groceries,Expense,412.26,Net Banking,Main Bank,Local Merchant,India
TXN001444,2026-09-10,Canteen,Food,Canteen,Expense,317.29,UPI,Credit Card,Local Merchant,India
TXN001445,2026-09-11,Groceries,Food,Groceries,Expense,786.09,UPI,Main Bank,Local Merchant,India
TXN001446,2026-09-11,Bus,Travel,Bus,Expense,740.11,Debit Card,Main Bank,Local Merchant,India
TXN001447,2026-09-12,Canteen,Food,Canteen,Expense,414.8,Cash,Main Bank,Local Merchant,India
TXN001448,2026-09-13,Canteen,Food,Canteen,Expense,749.33,Net Banking,Main Bank,Local Merchant,India
TXN001449,2026-09-13,Train,Travel,Train,Expense,93.71,Net Banking,Main Bank,Local Merchant,India
TXN001450,2026-09-14,Canteen,Food,Canteen,Expense,365.25,Net Banking,Credit Card,Local Merchant,India
TXN001451,2026-09-14,Salon,Personal Care,Salon,Expense,1300.98,Debit Card,Savings Account,Local Merchant,India
TXN001452,2026-09-15,Canteen,Food,Canteen,Expense,759.56,UPI,Main Bank,Local Merchant,India
TXN001453,2026-09-15,Train,Travel,Train,Expense,226.49,Net Banking,Main Bank,Local Merchant,India
TXN001454,2026-09-16,Food Delivery,Food,Food Delivery,Expense,104.86,Net Banking,Main Bank,Local Merchant,India
TXN001455,2026-09-17,Canteen,Food,Canteen,Expense,173.43,Net Banking,Credit Card,Local Merchant,India
TXN001456,2026-09-17,Restaurant,Food,Restaurant,Expense,729.19,UPI,Main Bank,Local Merchant,India
TXN001457,2026-09-17,Train,Travel,Train,Expense,73.12,Cash,Main Bank,Local Merchant,India
TXN001458,2026-09-18,Groceries,Food,Groceries,Expense,674.91,Net Banking,Main Bank,Local Merchant,India
TXN001459,2026-09-18,Bus,Travel,Bus,Expense,68.89,UPI,Savings Account,Local Merchant,India
TXN001460,2026-09-19,Groceries,Food,Groceries,Expense,552.47,UPI,Cash,Local Merchant,India
TXN001461,2026-09-19,Restaurant,Food,Restaurant,Expense,109.74,UPI,Main Bank,Local Merchant,India
TXN001462,2026-09-19,Train,Travel,Train,Expense,276.95,Net Banking,Main Bank,Local Merchant,India
TXN001463,2026-09-19,Doctor,Healthcare,Doctor,Expense,3367.38,UPI,Savings Account,Local Merchant,India
TXN001464,2026-09-20,Restaurant,Food,Restaurant,Expense,87.84,UPI,Cash,Local Merchant,India
TXN001465,2026-09-20,Bus,Travel,Bus,Expense,418.13,Cash,Main Bank,Local Merchant,India
TXN001466,2026-09-21,Food Delivery,Food,Food Delivery,Expense,108.5,UPI,Main Bank,Local Merchant,India
TXN001467,2026-09-21,Train,Travel,Train,Expense,719.76,Credit Card,Main Bank,Local Merchant,India
TXN001468,2026-09-22,Food Delivery,Food,Food Delivery,Expense,269.69,UPI,Savings Account,Local Merchant,India
TXN001469,2026-09-22,Train,Travel,Train,Expense,671.41,UPI,Savings Account,Local Merchant,India
TXN001470,2026-09-22,Miscellaneous,Others,Miscellaneous,Expense,1100.53,UPI,Main Bank,Local Merchant,India
TXN001471,2026-09-23,Food Delivery,Food,Food Delivery,Expense,79.47,Credit Card,Main Bank,Local Merchant,India
TXN001472,2026-09-24,Food Delivery,Food,Food Delivery,Expense,577.15,UPI,Main Bank,Local Merchant,India
TXN001473,2026-09-24,Train,Travel,Train,Expense,211.98,UPI,Main Bank,Local Merchant,India
TXN001474,2026-09-25,Groceries,Food,Groceries,Expense,110.53,Net Banking,Savings Account,Local Merchant,India
TXN001475,2026-09-26,Food Delivery,Food,Food Delivery,Expense,431.81,Net Banking,Main Bank,Local Merchant,India
TXN001476,2026-09-26,Taxi,Travel,Taxi,Expense,236.19,Cash,Main Bank,Local Merchant,India
TXN001477,2026-09-27,Restaurant,Food,Restaurant,Expense,81.65,Cash,Main Bank,Local Merchant,India
TXN001478,2026-09-27,Fuel,Travel,Fuel,Expense,552.67,UPI,Savings Account,Local Merchant,India
TXN001479,2026-09-28,Groceries,Food,Groceries,Expense,541.08,UPI,Main Bank,Local Merchant,India
TXN001480,2026-09-28,Food Delivery,Food,Food Delivery,Expense,329.91,Cash,Main Bank,Local Merchant,India
TXN001481,2026-09-28,Fuel,Travel,Fuel,Expense,564.44,Cash,Main Bank,Local Merchant,India
TXN001482,2026-09-29,Canteen,Food,Canteen,Expense,172.71,UPI,Main Bank,Local Merchant,India
TXN001483,2026-09-30,Restaurant,Food,Restaurant,Expense,681.0,Debit Card,Main Bank,Local Merchant,India
TXN001484,2026-09-30,Canteen,Food,Canteen,Expense,121.05,Net Banking,Main Bank,Local Merchant,India
TXN001485,2026-09-30,Fuel,Travel,Fuel,Expense,91.67,UPI,Main Bank,Local Merchant,India
TXN001486,2026-10-01,Monthly Salary,Salary,Monthly Salary,Income,46301.86,Net Banking,Main Bank,Employer,India
TXN001487,2026-10-01,Canteen,Food,Canteen,Expense,146.43,UPI,Savings Account,Local Merchant,India
TXN001488,2026-10-01,Groceries,Food,Groceries,Expense,99.2,Credit Card,Main Bank,Local Merchant,India
TXN001489,2026-10-01,Bus,Travel,Bus,Expense,480.51,Cash,Main Bank,Local Merchant,India
TXN001490,2026-10-02,Monthly Rent,Rent,Monthly Rent,Expense,12716.16,Net Banking,Main Bank,Landlord,India
TXN001491,2026-10-02,Canteen,Food,Canteen,Expense,316.84,Cash,Main Bank,Local Merchant,India
TXN001492,2026-10-02,Food Delivery,Food,Food Delivery,Expense,457.55,UPI,Main Bank,Local Merchant,India
TXN001493,2026-10-02,Train,Travel,Train,Expense,504.52,UPI,Main Bank,Local Merchant,India
TXN001494,2026-10-03,Food Delivery,Food,Food Delivery,Expense,445.36,Net Banking,Main Bank,Local Merchant,India
TXN001495,2026-10-04,Groceries,Food,Groceries,Expense,373.75,Net Banking,Cash,Local Merchant,India
TXN001496,2026-10-04,Canteen,Food,Canteen,Expense,208.03,UPI,Main Bank,Local Merchant,India
TXN001497,2026-10-04,Train,Travel,Train,Expense,627.01,Cash,Savings Account,Local Merchant,India
TXN001498,2026-10-05,Mobile,Utilities,Mobile,Expense,1893.56,UPI,Main Bank,Service Provider,India
TXN001499,2026-10-05,Groceries,Food,Groceries,Expense,137.21,Cash,Main Bank,Local Merchant,India
TXN001500,2026-10-05,Fuel,Travel,Fuel,Expense,412.88,UPI,Main Bank,Local Merchant,India
TXN001501,2026-10-06,Canteen,Food,Canteen,Expense,797.22,Net Banking,Main Bank,Local Merchant,India
TXN001502,2026-10-06,Canteen,Food,Canteen,Expense,326.22,UPI,Main Bank,Local Merchant,India
TXN001503,2026-10-07,Groceries,Food,Groceries,Expense,663.43,UPI,Cash,Local Merchant,India
TXN001504,2026-10-07,Train,Travel,Train,Expense,568.1,Net Banking,Main Bank,Local Merchant,India
TXN001505,2026-10-07,Design Project,Freelance,Design Project,Income,4658.95,UPI,Main Bank,Freelance Client,India
TXN001506,2026-10-08,Groceries,Food,Groceries,Expense,559.0,UPI,Credit Card,Local Merchant,India
TXN001507,2026-10-08,Canteen,Food,Canteen,Expense,712.82,Net Banking,Cash,Local Merchant,India
TXN001508,2026-10-09,Food Delivery,Food,Food Delivery,Expense,502.69,Cash,Cash,Local Merchant,India
TXN001509,2026-10-09,Groceries,Food,Groceries,Expense,551.56,Cash,Cash,Local Merchant,India
TXN001510,2026-10-09,Bus,Travel,Bus,Expense,640.14,UPI,Savings Account,Local Merchant,India
TXN001511,2026-10-10,Groceries,Food,Groceries,Expense,189.45,UPI,Main Bank,Local Merchant,India
TXN001512,2026-10-11,Food Delivery,Food,Food Delivery,Expense,461.95,Net Banking,Savings Account,Local Merchant,India
TXN001513,2026-10-11,Train,Travel,Train,Expense,419.47,Debit Card,Savings Account,Local Merchant,India
TXN001514,2026-10-12,Restaurant,Food,Restaurant,Expense,460.71,Debit Card,Main Bank,Local Merchant,India
TXN001515,2026-10-12,Taxi,Travel,Taxi,Expense,673.67,UPI,Main Bank,Local Merchant,India
TXN001516,2026-10-12,Design Project,Freelance,Design Project,Income,7855.84,UPI,Main Bank,Freelance Client,India
TXN001517,2026-10-13,Canteen,Food,Canteen,Expense,493.19,Net Banking,Main Bank,Local Merchant,India
TXN001518,2026-10-13,Restaurant,Food,Restaurant,Expense,394.23,UPI,Credit Card,Local Merchant,India
TXN001519,2026-10-14,Food Delivery,Food,Food Delivery,Expense,691.69,Cash,Main Bank,Local Merchant,India
TXN001520,2026-10-14,Groceries,Food,Groceries,Expense,191.47,Cash,Main Bank,Local Merchant,India
TXN001521,2026-10-15,Canteen,Food,Canteen,Expense,590.46,Cash,Cash,Local Merchant,India
TXN001522,2026-10-15,Food Delivery,Food,Food Delivery,Expense,674.18,UPI,Savings Account,Local Merchant,India
TXN001523,2026-10-15,Fuel,Travel,Fuel,Expense,447.57,UPI,Savings Account,Local Merchant,India
TXN001524,2026-10-15,Accessories,Shopping,Accessories,Expense,4682.92,Cash,Main Bank,Local Merchant,India
TXN001525,2026-10-16,Groceries,Food,Groceries,Expense,590.08,Credit Card,Savings Account,Local Merchant,India
TXN001526,2026-10-16,Bus,Travel,Bus,Expense,351.44,Net Banking,Main Bank,Local Merchant,India
TXN001527,2026-10-16,Accessories,Shopping,Accessories,Expense,524.84,Net Banking,Credit Card,Local Merchant,India
TXN001528,2026-10-17,Groceries,Food,Groceries,Expense,330.73,UPI,Savings Account,Local Merchant,India
TXN001529,2026-10-17,Canteen,Food,Canteen,Expense,551.01,UPI,Main Bank,Local Merchant,India
TXN001530,2026-10-18,Canteen,Food,Canteen,Expense,518.6,UPI,Main Bank,Local Merchant,India
TXN001531,2026-10-18,Canteen,Food,Canteen,Expense,271.87,Net Banking,Cash,Local Merchant,India
TXN001532,2026-10-18,Fuel,Travel,Fuel,Expense,375.27,UPI,Savings Account,Local Merchant,India
TXN001533,2026-10-19,Food Delivery,Food,Food Delivery,Expense,474.4,UPI,Savings Account,Local Merchant,India
TXN001534,2026-10-19,Groceries,Food,Groceries,Expense,560.79,UPI,Main Bank,Local Merchant,India
TXN001535,2026-10-19,Bus,Travel,Bus,Expense,608.02,Cash,Main Bank,Local Merchant,India
TXN001536,2026-10-20,Canteen,Food,Canteen,Expense,82.89,UPI,Main Bank,Local Merchant,India
TXN001537,2026-10-20,Canteen,Food,Canteen,Expense,467.76,Net Banking,Credit Card,Local Merchant,India
TXN001538,2026-10-20,Taxi,Travel,Taxi,Expense,232.27,UPI,Savings Account,Local Merchant,India
TXN001539,2026-10-21,Food Delivery,Food,Food Delivery,Expense,493.86,UPI,Main Bank,Local Merchant,India
TXN001540,2026-10-21,Bus,Travel,Bus,Expense,655.17,Net Banking,Main Bank,Local Merchant,India
TXN001541,2026-10-22,Canteen,Food,Canteen,Expense,687.45,Net Banking,Cash,Local Merchant,India
TXN001542,2026-10-22,Train,Travel,Train,Expense,305.29,UPI,Main Bank,Local Merchant,India
TXN001543,2026-10-23,Groceries,Food,Groceries,Expense,627.33,Debit Card,Cash,Local Merchant,India
TXN001544,2026-10-23,Fuel,Travel,Fuel,Expense,424.71,Net Banking,Main Bank,Local Merchant,India
TXN001545,2026-10-24,Canteen,Food,Canteen,Expense,179.33,Debit Card,Main Bank,Local Merchant,India
TXN001546,2026-10-24,Canteen,Food,Canteen,Expense,120.24,Net Banking,Savings Account,Local Merchant,India
TXN001547,2026-10-24,Train,Travel,Train,Expense,583.62,Debit Card,Savings Account,Local Merchant,India
TXN001548,2026-10-25,Canteen,Food,Canteen,Expense,145.13,Cash,Cash,Local Merchant,India
TXN001549,2026-10-26,Groceries,Food,Groceries,Expense,75.16,Debit Card,Savings Account,Local Merchant,India
TXN001550,2026-10-26,Web Project,Freelance,Web Project,Income,13089.42,UPI,Main Bank,Freelance Client,India
TXN001551,2026-10-27,Restaurant,Food,Restaurant,Expense,385.45,UPI,Credit Card,Local Merchant,India
TXN001552,2026-10-27,Canteen,Food,Canteen,Expense,571.44,UPI,Main Bank,Local Merchant,India
TXN001553,2026-10-27,Fuel,Travel,Fuel,Expense,746.74,UPI,Savings Account,Local Merchant,India
TXN001554,2026-10-28,Canteen,Food,Canteen,Expense,368.43,Net Banking,Main Bank,Local Merchant,India
TXN001555,2026-10-28,Food Delivery,Food,Food Delivery,Expense,184.73,Net Banking,Main Bank,Local Merchant,India
TXN001556,2026-10-28,Taxi,Travel,Taxi,Expense,518.06,Net Banking,Main Bank,Local Merchant,India
TXN001557,2026-10-29,Food Delivery,Food,Food Delivery,Expense,172.95,Net Banking,Main Bank,Local Merchant,India
TXN001558,2026-10-29,Food Delivery,Food,Food Delivery,Expense,333.04,UPI,Main Bank,Local Merchant,India
TXN001559,2026-10-29,Train,Travel,Train,Expense,540.03,UPI,Savings Account,Local Merchant,India
TXN001560,2026-10-30,Restaurant,Food,Restaurant,Expense,611.28,UPI,Cash,Local Merchant,India
TXN001561,2026-10-31,Groceries,Food,Groceries,Expense,343.65,Net Banking,Savings Account,Local Merchant,India
TXN001562,2026-10-31,Groceries,Food,Groceries,Expense,445.88,Net Banking,Cash,Local Merchant,India
TXN001563,2026-11-01,Monthly Salary,Salary,Monthly Salary,Income,52824.6,Net Banking,Main Bank,Employer,India
TXN001564,2026-11-01,Restaurant,Food,Restaurant,Expense,222.35,Net Banking,Main Bank,Local Merchant,India
TXN001565,2026-11-02,Monthly Rent,Rent,Monthly Rent,Expense,17059.78,Net Banking,Main Bank,Landlord,India
TXN001566,2026-11-02,Groceries,Food,Groceries,Expense,528.84,UPI,Main Bank,Local Merchant,India
TXN001567,2026-11-02,Canteen,Food,Canteen,Expense,306.45,Net Banking,Main Bank,Local Merchant,India
TXN001568,2026-11-02,Taxi,Travel,Taxi,Expense,232.98,Net Banking,Main Bank,Local Merchant,India
TXN001569,2026-11-03,Restaurant,Food,Restaurant,Expense,691.87,Credit Card,Main Bank,Local Merchant,India
TXN001570,2026-11-03,Groceries,Food,Groceries,Expense,78.37,UPI,Credit Card,Local Merchant,India
TXN001571,2026-11-03,Fuel,Travel,Fuel,Expense,323.55,Net Banking,Main Bank,Local Merchant,India
TXN001572,2026-11-04,Groceries,Food,Groceries,Expense,361.41,Debit Card,Main Bank,Local Merchant,India
TXN001573,2026-11-04,Groceries,Food,Groceries,Expense,222.44,Cash,Main Bank,Local Merchant,India
TXN001574,2026-11-05,Gas,Utilities,Gas,Expense,2883.09,Debit Card,Main Bank,Service Provider,India
TXN001575,2026-11-05,Restaurant,Food,Restaurant,Expense,467.55,Net Banking,Credit Card,Local Merchant,India
TXN001576,2026-11-05,Fuel,Travel,Fuel,Expense,461.73,UPI,Main Bank,Local Merchant,India
TXN001577,2026-11-06,Groceries,Food,Groceries,Expense,168.71,Cash,Main Bank,Local Merchant,India
TXN001578,2026-11-06,Restaurant,Food,Restaurant,Expense,678.91,Cash,Main Bank,Local Merchant,India
TXN001579,2026-11-06,Bus,Travel,Bus,Expense,81.78,Cash,Cash,Local Merchant,India
TXN001580,2026-11-07,Restaurant,Food,Restaurant,Expense,138.85,UPI,Main Bank,Local Merchant,India
TXN001581,2026-11-07,Groceries,Food,Groceries,Expense,237.56,Net Banking,Main Bank,Local Merchant,India
TXN001582,2026-11-07,Train,Travel,Train,Expense,346.1,UPI,Main Bank,Local Merchant,India
TXN001583,2026-11-08,Restaurant,Food,Restaurant,Expense,56.9,Debit Card,Main Bank,Local Merchant,India
TXN001584,2026-11-08,Food Delivery,Food,Food Delivery,Expense,187.2,UPI,Credit Card,Local Merchant,India
TXN001585,2026-11-08,Train,Travel,Train,Expense,676.19,UPI,Credit Card,Local Merchant,India
TXN001586,2026-11-09,Groceries,Food,Groceries,Expense,540.33,UPI,Main Bank,Local Merchant,India
TXN001587,2026-11-09,Food Delivery,Food,Food Delivery,Expense,361.99,Net Banking,Main Bank,Local Merchant,India
TXN001588,2026-11-09,Taxi,Travel,Taxi,Expense,110.59,Net Banking,Main Bank,Local Merchant,India
TXN001589,2026-11-10,Restaurant,Food,Restaurant,Expense,162.87,Cash,Cash,Local Merchant,India
TXN001590,2026-11-10,Food Delivery,Food,Food Delivery,Expense,580.84,Cash,Cash,Local Merchant,India
TXN001591,2026-11-11,Restaurant,Food,Restaurant,Expense,293.42,Net Banking,Savings Account,Local Merchant,India
TXN001592,2026-11-11,Bus,Travel,Bus,Expense,793.91,UPI,Savings Account,Local Merchant,India
TXN001593,2026-11-12,Food Delivery,Food,Food Delivery,Expense,359.68,Cash,Main Bank,Local Merchant,India
TXN001594,2026-11-12,Fuel,Travel,Fuel,Expense,622.11,UPI,Main Bank,Local Merchant,India
TXN001595,2026-11-13,Food Delivery,Food,Food Delivery,Expense,778.96,UPI,Main Bank,Local Merchant,India
TXN001596,2026-11-13,Taxi,Travel,Taxi,Expense,687.08,Net Banking,Savings Account,Local Merchant,India
TXN001597,2026-11-14,Canteen,Food,Canteen,Expense,497.54,UPI,Main Bank,Local Merchant,India
TXN001598,2026-11-14,Taxi,Travel,Taxi,Expense,300.56,Net Banking,Cash,Local Merchant,India
TXN001599,2026-11-14,Gaming,Entertainment,Gaming,Expense,2272.9,UPI,Main Bank,Local Merchant,India
TXN001600,2026-11-15,Food Delivery,Food,Food Delivery,Expense,596.65,Net Banking,Main Bank,Local Merchant,India
TXN001601,2026-11-15,Food Delivery,Food,Food Delivery,Expense,178.55,UPI,Savings Account,Local Merchant,India
TXN001602,2026-11-16,Food Delivery,Food,Food Delivery,Expense,799.81,UPI,Savings Account,Local Merchant,India
TXN001603,2026-11-16,Fuel,Travel,Fuel,Expense,129.31,Cash,Main Bank,Local Merchant,India
TXN001604,2026-11-16,Course,Education,Course,Expense,3218.59,Net Banking,Main Bank,Local Merchant,India
TXN001605,2026-11-17,Restaurant,Food,Restaurant,Expense,64.2,UPI,Credit Card,Local Merchant,India
TXN001606,2026-11-17,Bus,Travel,Bus,Expense,613.25,Net Banking,Savings Account,Local Merchant,India
TXN001607,2026-11-18,Canteen,Food,Canteen,Expense,214.79,UPI,Savings Account,Local Merchant,India
TXN001608,2026-11-19,Canteen,Food,Canteen,Expense,541.08,UPI,Main Bank,Local Merchant,India
TXN001609,2026-11-19,Bus,Travel,Bus,Expense,770.06,Debit Card,Main Bank,Local Merchant,India
TXN001610,2026-11-20,Restaurant,Food,Restaurant,Expense,277.62,UPI,Credit Card,Local Merchant,India
TXN001611,2026-11-20,Taxi,Travel,Taxi,Expense,310.07,Net Banking,Main Bank,Local Merchant,India
TXN001612,2026-11-20,Business Income,Business,Business Income,Income,11722.56,Debit Card,Main Bank,Business,India
TXN001613,2026-11-21,Food Delivery,Food,Food Delivery,Expense,629.18,Cash,Main Bank,Local Merchant,India
TXN001614,2026-11-21,Restaurant,Food,Restaurant,Expense,592.21,UPI,Main Bank,Local Merchant,India
TXN001615,2026-11-21,Train,Travel,Train,Expense,346.09,UPI,Main Bank,Local Merchant,India
TXN001616,2026-11-22,Canteen,Food,Canteen,Expense,654.57,UPI,Main Bank,Local Merchant,India
TXN001617,2026-11-22,Restaurant,Food,Restaurant,Expense,645.42,Net Banking,Cash,Local Merchant,India
TXN001618,2026-11-23,Food Delivery,Food,Food Delivery,Expense,89.57,Cash,Credit Card,Local Merchant,India
TXN001619,2026-11-24,Canteen,Food,Canteen,Expense,253.54,Cash,Savings Account,Local Merchant,India
TXN001620,2026-11-24,Taxi,Travel,Taxi,Expense,165.27,Net Banking,Savings Account,Local Merchant,India
TXN001621,2026-11-25,Food Delivery,Food,Food Delivery,Expense,225.86,Cash,Main Bank,Local Merchant,India
TXN001622,2026-11-25,Canteen,Food,Canteen,Expense,141.97,UPI,Main Bank,Local Merchant,India
TXN001623,2026-11-25,Design Project,Freelance,Design Project,Income,8389.48,Debit Card,Main Bank,Freelance Client,India
TXN001624,2026-11-26,Groceries,Food,Groceries,Expense,599.54,Credit Card,Cash,Local Merchant,India
TXN001625,2026-11-26,Restaurant,Food,Restaurant,Expense,466.37,Net Banking,Main Bank,Local Merchant,India
TXN001626,2026-11-27,Groceries,Food,Groceries,Expense,604.1,Net Banking,Main Bank,Local Merchant,India
TXN001627,2026-11-27,Canteen,Food,Canteen,Expense,762.95,Net Banking,Main Bank,Local Merchant,India
TXN001628,2026-11-28,Groceries,Food,Groceries,Expense,782.06,Cash,Credit Card,Local Merchant,India
TXN001629,2026-11-28,Food Delivery,Food,Food Delivery,Expense,356.92,Net Banking,Main Bank,Local Merchant,India
TXN001630,2026-11-28,Train,Travel,Train,Expense,790.96,UPI,Main Bank,Local Merchant,India
TXN001631,2026-11-29,Groceries,Food,Groceries,Expense,421.12,Net Banking,Savings Account,Local Merchant,India
TXN001632,2026-11-29,Fuel,Travel,Fuel,Expense,635.59,UPI,Main Bank,Local Merchant,India
TXN001633,2026-11-30,Food Delivery,Food,Food Delivery,Expense,670.11,Debit Card,Savings Account,Local Merchant,India
TXN001634,2026-12-01,Monthly Salary,Salary,Monthly Salary,Income,58865.0,Net Banking,Main Bank,Employer,India
TXN001635,2026-12-01,Groceries,Food,Groceries,Expense,303.6,UPI,Main Bank,Local Merchant,India
TXN001636,2026-12-01,Groceries,Food,Groceries,Expense,700.52,UPI,Savings Account,Local Merchant,India
TXN001637,2026-12-02,Monthly Rent,Rent,Monthly Rent,Expense,17451.68,Net Banking,Main Bank,Landlord,India
TXN001638,2026-12-02,Canteen,Food,Canteen,Expense,347.19,Net Banking,Main Bank,Local Merchant,India
TXN001639,2026-12-02,Train,Travel,Train,Expense,349.93,UPI,Main Bank,Local Merchant,India
TXN001640,2026-12-03,Canteen,Food,Canteen,Expense,279.07,Net Banking,Main Bank,Local Merchant,India
TXN001641,2026-12-03,Canteen,Food,Canteen,Expense,450.67,Net Banking,Main Bank,Local Merchant,India
TXN001642,2026-12-04,Restaurant,Food,Restaurant,Expense,338.72,UPI,Savings Account,Local Merchant,India
TXN001643,2026-12-04,Groceries,Food,Groceries,Expense,410.07,Cash,Savings Account,Local Merchant,India
TXN001644,2026-12-04,Business Income,Business,Business Income,Income,6622.54,Net Banking,Main Bank,Business,India
TXN001645,2026-12-05,Gas,Utilities,Gas,Expense,2506.4,Cash,Main Bank,Service Provider,India
TXN001646,2026-12-05,Canteen,Food,Canteen,Expense,528.57,UPI,Main Bank,Local Merchant,India
TXN001647,2026-12-05,Accessories,Shopping,Accessories,Expense,1685.16,UPI,Main Bank,Local Merchant,India
TXN001648,2026-12-06,Groceries,Food,Groceries,Expense,442.66,UPI,Main Bank,Local Merchant,India
TXN001649,2026-12-06,Food Delivery,Food,Food Delivery,Expense,323.61,Net Banking,Main Bank,Local Merchant,India
TXN001650,2026-12-06,Train,Travel,Train,Expense,207.67,UPI,Savings Account,Local Merchant,India
TXN001651,2026-12-07,Canteen,Food,Canteen,Expense,562.69,UPI,Credit Card,Local Merchant,India
TXN001652,2026-12-07,Groceries,Food,Groceries,Expense,332.94,Credit Card,Main Bank,Local Merchant,India
TXN001653,2026-12-07,Taxi,Travel,Taxi,Expense,390.04,Net Banking,Cash,Local Merchant,India
TXN001654,2026-12-08,Food Delivery,Food,Food Delivery,Expense,598.7,UPI,Main Bank,Local Merchant,India
TXN001655,2026-12-09,Restaurant,Food,Restaurant,Expense,653.23,UPI,Main Bank,Local Merchant,India
TXN001656,2026-12-09,Train,Travel,Train,Expense,454.51,UPI,Main Bank,Local Merchant,India
TXN001657,2026-12-10,Food Delivery,Food,Food Delivery,Expense,388.9,Net Banking,Main Bank,Local Merchant,India
TXN001658,2026-12-10,Fuel,Travel,Fuel,Expense,225.0,Net Banking,Main Bank,Local Merchant,India
TXN001659,2026-12-10,Electronics,Shopping,Electronics,Expense,3483.51,UPI,Main Bank,Local Merchant,India
TXN001660,2026-12-11,Canteen,Food,Canteen,Expense,212.1,Debit Card,Credit Card,Local Merchant,India
TXN001661,2026-12-12,Restaurant,Food,Restaurant,Expense,517.06,UPI,Cash,Local Merchant,India
TXN001662,2026-12-12,Food Delivery,Food,Food Delivery,Expense,185.5,UPI,Main Bank,Local Merchant,India
TXN001663,2026-12-12,Train,Travel,Train,Expense,171.26,Net Banking,Main Bank,Local Merchant,India
TXN001664,2026-12-12,Interest,Investment,Interest,Income,2660.57,Net Banking,Main Bank,Investment Source,India
TXN001665,2026-12-13,Restaurant,Food,Restaurant,Expense,421.07,UPI,Cash,Local Merchant,India
TXN001666,2026-12-13,Food Delivery,Food,Food Delivery,Expense,606.65,Cash,Main Bank,Local Merchant,India
TXN001667,2026-12-13,Bus,Travel,Bus,Expense,168.06,UPI,Main Bank,Local Merchant,India
TXN001668,2026-12-14,Canteen,Food,Canteen,Expense,145.68,Net Banking,Savings Account,Local Merchant,India
TXN001669,2026-12-15,Food Delivery,Food,Food Delivery,Expense,119.97,Cash,Cash,Local Merchant,India
TXN001670,2026-12-15,Restaurant,Food,Restaurant,Expense,513.27,Debit Card,Main Bank,Local Merchant,India
TXN001671,2026-12-16,Restaurant,Food,Restaurant,Expense,211.14,UPI,Main Bank,Local Merchant,India
TXN001672,2026-12-16,Restaurant,Food,Restaurant,Expense,794.87,Net Banking,Savings Account,Local Merchant,India
TXN001673,2026-12-17,Restaurant,Food,Restaurant,Expense,759.34,Net Banking,Main Bank,Local Merchant,India
TXN001674,2026-12-17,Groceries,Food,Groceries,Expense,610.06,Net Banking,Main Bank,Local Merchant,India
TXN001675,2026-12-17,Train,Travel,Train,Expense,292.64,Cash,Savings Account,Local Merchant,India
TXN001676,2026-12-18,Food Delivery,Food,Food Delivery,Expense,468.97,Net Banking,Main Bank,Local Merchant,India
TXN001677,2026-12-18,Restaurant,Food,Restaurant,Expense,514.58,Net Banking,Main Bank,Local Merchant,India
TXN001678,2026-12-19,Groceries,Food,Groceries,Expense,396.96,Net Banking,Cash,Local Merchant,India
TXN001679,2026-12-19,Taxi,Travel,Taxi,Expense,50.54,UPI,Cash,Local Merchant,India
TXN001680,2026-12-19,Cloud Storage,Subscriptions,Cloud Storage,Expense,188.25,UPI,Credit Card,Local Merchant,India
TXN001681,2026-12-20,Food Delivery,Food,Food Delivery,Expense,621.93,Net Banking,Main Bank,Local Merchant,India
TXN001682,2026-12-20,Groceries,Food,Groceries,Expense,448.14,UPI,Main Bank,Local Merchant,India
TXN001683,2026-12-21,Groceries,Food,Groceries,Expense,437.84,Net Banking,Main Bank,Local Merchant,India
TXN001684,2026-12-21,Food Delivery,Food,Food Delivery,Expense,697.23,UPI,Main Bank,Local Merchant,India
TXN001685,2026-12-21,Taxi,Travel,Taxi,Expense,335.6,Net Banking,Main Bank,Local Merchant,India
TXN001686,2026-12-22,Food Delivery,Food,Food Delivery,Expense,481.63,UPI,Main Bank,Local Merchant,India
TXN001687,2026-12-22,Taxi,Travel,Taxi,Expense,81.35,Net Banking,Main Bank,Local Merchant,India
TXN001688,2026-12-23,Groceries,Food,Groceries,Expense,402.78,Net Banking,Savings Account,Local Merchant,India
TXN001689,2026-12-24,Canteen,Food,Canteen,Expense,483.25,UPI,Main Bank,Local Merchant,India
TXN001690,2026-12-24,Food Delivery,Food,Food Delivery,Expense,767.63,Cash,Credit Card,Local Merchant,India
TXN001691,2026-12-24,Train,Travel,Train,Expense,304.4,Net Banking,Cash,Local Merchant,India
TXN001692,2026-12-25,Restaurant,Food,Restaurant,Expense,442.47,UPI,Credit Card,Local Merchant,India
TXN001693,2026-12-25,Canteen,Food,Canteen,Expense,389.14,UPI,Main Bank,Local Merchant,India
TXN001694,2026-12-26,Food Delivery,Food,Food Delivery,Expense,478.87,UPI,Main Bank,Local Merchant,India
TXN001695,2026-12-26,Taxi,Travel,Taxi,Expense,633.15,UPI,Savings Account,Local Merchant,India
TXN001696,2026-12-26,Salon,Personal Care,Salon,Expense,558.35,Debit Card,Main Bank,Local Merchant,India
TXN001697,2026-12-27,Food Delivery,Food,Food Delivery,Expense,235.06,Cash,Main Bank,Local Merchant,India
TXN001698,2026-12-27,Canteen,Food,Canteen,Expense,551.94,UPI,Savings Account,Local Merchant,India
TXN001699,2026-12-27,Fuel,Travel,Fuel,Expense,350.49,UPI,Savings Account,Local Merchant,India
TXN001700,2026-12-28,Groceries,Food,Groceries,Expense,639.25,Credit Card,Main Bank,Local Merchant,India
TXN001701,2026-12-28,Canteen,Food,Canteen,Expense,598.01,Net Banking,Credit Card,Local Merchant,India
TXN001702,2026-12-29,Food Delivery,Food,Food Delivery,Expense,607.17,Credit Card,Savings Account,Local Merchant,India
TXN001703,2026-12-29,Restaurant,Food,Restaurant,Expense,652.66,Net Banking,Main Bank,Local Merchant,India
TXN001704,2026-12-29,Taxi,Travel,Taxi,Expense,500.74,Net Banking,Main Bank,Local Merchant,India
TXN001705,2026-12-29,Clothing,Shopping,Clothing,Expense,4566.73,Net Banking,Savings Account,Local Merchant,India
TXN001706,2026-12-30,Groceries,Food,Groceries,Expense,166.74,UPI,Main Bank,Local Merchant,India
TXN001707,2026-12-30,Food Delivery,Food,Food Delivery,Expense,745.84,Net Banking,Savings Account,Local Merchant,India
TXN001708,2026-12-31,Restaurant,Food,Restaurant,Expense,185.91,Net Banking,Main Bank,Local Merchant,India
TXN001709,2026-12-31,Food Delivery,Food,Food Delivery,Expense,755.85,Net Banking,Main Bank,Local Merchant,India
TXN001710,2026-12-31,Fuel,Travel,Fuel,Expense,457.83,UPI,Main Bank,Local Merchant,India
